qubits,ideal,noisy
4,"[0.0001,0.0001,0.0001,0.0001,0.5,0.5,0.5,0.5]","[0.0001,0.0001,0.0001,0.0001,0.5,0.5,0.5,0.5]"
4,"[0.0001,0.0001,0.0001,0.0001,0.5,0.5,0.5,0.5]","[0.0001,0.0001,0.0001,0.0001,0.61538464,0.46153846,0.53846157,0.46153846]"
4,"[0.0001,0.0001,0.0001,0.0001,1.0,0.0001,0.5,0.0001]","[0.0001,0.0001,0.0001,0.0001,0.8888889,0.44444445,0.44444445,0.44444445]"
4,"[0.0001,0.0001,0.0001,0.0001,0.46666667,0.46666667,0.53333336,0.46666667]","[0.0001,0.0001,0.0001,0.0001,0.5833333,0.41666666,0.6666667,0.5833333]"
4,"[0.0001,0.0001,0.0001,0.0001,0.5,0.5,0.5,0.0001]","[0.0001,0.0001,0.0001,0.0001,0.46666667,0.53333336,0.53333336,0.46666667]"
4,"[0.0001,0.0001,0.0001,0.0001,0.53333336,0.46666667,0.53333336,0.53333336]","[0.0001,0.0001,0.0001,0.0001,0.61538464,0.61538464,0.53846157,0.46153846]"
5,"[0.0001,0.0001,0.0001,0.5,0.5,0.5,0.5,0.5]","[0.0001,0.0001,0.0001,0.5,0.5,0.5,0.5,0.5]"
5,"[0.0001,0.0001,0.0001,0.0001,0.5,0.0001,0.0001,0.0001]","[0.0001,0.0001,0.0001,0.21428572,0.5,0.2857143,0.21428572,0.42857143]"
5,"[0.0001,0.0001,0.0001,0.48387095,0.48387095,0.516129,0.48387095,0.48387095]","[0.0001,0.0001,0.0001,0.53333336,0.53333336,0.5,0.53333336,0.53333336]"
5,"[0.0001,0.0001,0.0001,0.5,0.0001,0.0001,0.0001,0.0001]","[0.0001,0.0001,0.0001,0.53333336,0.33333334,0.26666668,0.26666668,0.33333334]"
5,"[0.0001,0.0001,0.0001,0.0001,0.5,0.5,1.0,0.5]","[0.0001,0.0001,0.0001,0.44827586,0.51724136,0.51724136,0.55172414,0.4827586]"
5,"[0.0001,0.0001,0.0001,0.5,0.5,0.5,0.5,0.5]","[0.0001,0.0001,0.0001,0.53333336,0.53333336,0.5,0.53333336,0.5]"
5,"[0.0001,0.0001,0.0001,0.5,0.5,0.5,0.5,0.25]","[0.0001,0.0001,0.0001,0.54545456,0.5,0.5,0.5,0.72727275]"
5,"[0.0001,0.0001,0.0001,0.47826087,0.3043478,0.3478261,0.47826087,0.5217391]","[0.0001,0.0001,0.0001,0.5,0.5,0.61538464,0.46153846,0.46153846]"
5,"[0.0001,0.0001,0.0001,0.0001,0.0001,0.5,0.0001,0.5]","[0.0001,0.0001,0.0001,0.375,0.3125,0.625,0.3125,0.5625]"
5,"[0.0001,0.0001,0.0001,0.5,0.53846157,0.46153846,0.5769231,0.3846154]","[0.0001,0.0001,0.0001,0.5,0.45833334,0.5,0.5,0.6666667]"
5,"[0.0001,0.0001,0.0001,0.0001,0.0001,0.5,1.0,0.5]","[0.0001,0.0001,0.0001,0.3181818,0.4090909,0.59090906,0.59090906,0.5]"
6,"[0.0001,0.0001,0.52459013,0.4918033,0.47540984,0.4918033,0.4918033,0.4918033]","[0.0001,0.0001,0.47272727,0.5090909,0.5272727,0.47272727,0.58181816,0.5090909]"
6,"[0.0001,0.0001,0.0001,0.0001,0.0001,0.5,0.5,0.0001]","[0.0001,0.0001,0.44,0.4,0.24,0.44,0.44,0.2]"
6,"[0.0001,0.0001,0.3125,0.4375,0.8125,0.6875,0.0001,0.5625]","[0.0001,0.0001,0.44642857,0.4642857,0.53571427,0.5535714,0.42857143,0.5]"
6,"[0.0001,0.0001,0.6,0.4,1.0,0.5,0.4,0.4]","[0.0001,0.0001,0.516129,0.48387095,0.516129,0.5,0.516129,0.5]"
6,"[0.0001,0.0001,1.0,0.0001,1.0,0.0001,1.0,0.5]","[0.0001,0.0001,0.6,0.36,0.84,0.32,0.68,0.44]"
6,"[0.0001,0.0001,0.47540984,0.52459013,0.5081967,0.5081967,0.4918033,0.5081967]","[0.0001,0.0001,0.5,0.5,0.45833334,0.45833334,0.6666667,0.5208333]"
6,"[0.0001,0.0001,0.53333336,1.0,0.53333336,0.46666667,0.46666667,0.53333336]","[0.0001,0.0001,0.5510204,0.59183675,0.63265306,0.46938777,0.48979592,0.48979592]"
6,"[0.0001,0.0001,0.5945946,0.6216216,0.7837838,0.4864865,0.5405405,0.5135135]","[0.0001,0.0001,0.51666665,0.53333336,0.53333336,0.48333332,0.5,0.51666665]"
6,"[0.0001,0.0001,1.0,0.0001,0.0001,0.0001,0.0001,0.0001]","[0.0001,0.0001,0.63414633,0.4390244,0.4878049,0.5121951,0.34146342,0.46341464]"
6,"[0.0001,0.0001,0.5,0.52380955,0.64285713,0.64285713,0.45238096,0.45238096]","[0.0001,0.0001,0.54545456,0.54545456,0.52272725,0.5681818,0.5,0.72727275]"
6,"[0.0001,0.0001,0.5,0.5,0.5,0.5,0.5,0.5]","[0.0001,0.0001,0.5,0.5,0.5,0.5,0.5,0.5]"
6,"[0.0001,0.0001,0.4,0.4,0.2,0.0001,0.0001,0.0001]","[0.0001,0.0001,0.44117647,0.5,0.5,0.85294116,0.5,0.38235295]"
6,"[0.0001,0.0001,0.44827586,0.4827586,0.0001,0.4827586,0.55172414,0.44827586]","[0.0001,0.0001,0.45238096,0.47619048,0.5,0.47619048,0.7619048,0.47619048]"
6,"[0.0001,0.0001,0.47540984,0.4918033,0.47540984,0.47540984,0.5081967,0.4918033]","[0.0001,0.0001,0.6530612,0.53061223,0.4489796,0.48979592,0.4489796,0.48979592]"
6,"[0.0001,0.0001,0.48333332,0.51666665,0.51666665,0.48333332,0.46666667,0.48333332]","[0.0001,0.0001,0.5263158,0.5,0.5,0.5,0.84210527,0.5263158]"
6,"[0.0001,0.0001,0.0001,0.0001,1.0,0.0001,0.0001,0.0001]","[0.0001,0.0001,0.33333334,0.44444445,0.7777778,0.33333334,0.22222222,0.2777778]"
6,"[0.0001,0.0001,0.0001,0.0001,0.0001,0.5,0.0001,0.0001]","[0.0001,0.0001,0.4920635,0.4920635,0.50793654,0.4920635,0.50793654,0.4920635]"
7,"[0.0001,0.0001,0.0001,0.0001,0.0001,0.0001,0.5,0.5]","[0.0001,0.26666668,0.23333333,0.23333333,0.13333334,0.26666668,0.53333336,0.4]"
7,"[0.0001,0.5,0.5,0.5,0.0001,1.0,0.5,0.5]","[0.0001,0.5043478,0.51304346,0.5304348,0.46086955,0.5478261,0.5217391,0.47826087]"
7,"[0.0001,0.47058824,0.0001,0.47058824,0.47058824,0.05882353,0.5294118,0.47058824]","[0.0001,0.496,0.496,0.496,0.504,0.488,0.488,0.496]"
7,"[0.0001,0.49557522,0.5132743,0.49557522,0.48672566,0.4778761,0.5132743,0.460177]","[0.0001,0.49462366,0.5268817,0.516129,0.68817204,0.516129,0.5483871,0.516129]"
7,"[0.0001,0.0001,0.0001,1.0,0.0001,0.0001,0.0001,0.5]","[0.0001,0.21052632,0.31578946,0.65789473,0.31578946,0.23684211,0.34210527,0.4473684]"
7,"[0.0001,0.5,0.0001,0.33333334,0.6666667,0.0001,0.0001,0.5]","[0.0001,0.5043478,0.5217391,0.4869565,0.47826087,0.44347826,0.51304346,0.53913045]"
7,"[0.0001,0.35416666,0.5208333,0.33333334,0.5208333,0.0001,0.47916666,0.5]","[0.0001,0.4923077,0.50769234,0.50769234,0.9846154,0.50769234,0.4923077,0.4923077]"
7,"[0.0001,0.0001,0.0001,0.5,0.5,0.5,0.0001,0.0001]","[0.0001,0.38,0.44,0.56,0.52,0.52,0.32,0.34]"
7,"[0.0001,0.5,0.0001,0.0001,0.0001,0.5,0.0001,0.0001]","[0.0001,0.54761904,0.33333334,0.42857143,0.5,0.95238096,0.42857143,0.33333334]"
7,"[0.0001,0.5086207,0.51724136,0.5,0.49137932,0.5,0.49137932,0.5344828]","[0.0001,0.5058824,0.5176471,0.7529412,0.5058824,0.5294118,0.5058824,0.49411765]"
7,"[0.0001,0.0001,0.0001,0.0001,0.0001,0.0001,0.0001,0.5]","[0.0001,0.28735632,0.4597701,0.4827586,0.49425286,0.4597701,0.43678162,0.6091954]"
8,"[0.5833333,0.0001,0.5,0.0001,0.5,1.0,0.0001,0.6666667]","[0.5,0.16129032,0.5,0.30645162,0.48387095,0.67741936,0.17741935,0.83870965]"
8,"[0.0001,0.0001,0.5,0.5,0.0001,0.0001,0.0001,0.0001]","[0.39784947,0.39784947,0.9677419,0.5268817,0.37634408,0.47311828,0.4408602,0.4516129]"
8,"[0.49315068,0.2739726,0.5205479,0.7123288,0.49315068,0.46575344,0.5479452,0.28767124]","[0.4720812,0.38071066,0.5025381,0.52284265,0.5076142,0.46192893,0.53807104,0.41624364]"
8,"[0.5045872,0.47706422,0.49082568,0.5,0.48623854,0.5045872,0.49541286,0.5]","[0.8648649,0.5405405,0.4864865,0.5135135,0.5135135,0.5202703,0.527027,0.5067568]"
8,"[0.489011,0.5,0.52747256,0.46703297,0.4945055,0.47252747,0.45604396,0.50549453]","[0.50980395,0.503268,0.5163399,0.5163399,0.503268,0.5294118,0.50980395,0.8366013]"
8,"[0.5,0.21052632,0.39473686,0.0001,0.55263156,0.68421054,0.34210527,0.7105263]","[0.5,0.485,0.49,0.495,0.505,0.61,0.53,0.625]"
8,"[0.5192308,0.5769231,0.44230768,0.0001,0.5,0.42307693,0.5769231,0.46153846]","[0.48790324,0.50403225,0.49596775,0.48790324,0.50403225,0.4919355,0.5,0.51209676]"
8,"[0.507772,0.5388601,0.48704663,0.49222797,0.53367877,0.51295334,0.4974093,0.4818653]","[0.5019608,0.5019608,0.5019608,0.49803922,0.5019608,0.5019608,0.5019608,0.5019608]"
8,"[0.45652175,0.65217394,0.5,1.0,0.47826087,0.67391306,0.0001,0.47826087]","[0.49074075,0.5324074,0.5,0.5648148,0.49074075,0.5833333,0.44907406,0.4861111]"
8,"[0.51304346,0.33043477,0.79130435,0.49565217,0.44347826,0.5217391,0.6086956,0.51304346]","[0.5,0.496063,0.503937,0.503937,0.496063,0.5,0.496063,0.496063]"
8,"[0.5,0.0001,0.5,0.0001,0.0001,0.0001,1.0,0.5]","[0.5,0.4609375,0.53125,0.4609375,0.53125,0.4765625,0.953125,0.5234375]"
8,"[0.0001,0.0001,0.0001,0.5,0.5,0.5,0.5,0.5]","[0.2835821,0.104477614,0.2238806,0.5671642,0.58208954,0.46268657,0.52238804,0.47761193]"
8,"[0.44751382,0.5138122,0.49171272,0.49723756,0.5469613,0.48618785,0.5524862,0.47513813]","[0.5019608,0.49803922,0.49803922,0.5019608,0.5019608,0.5019608,0.49803922,0.49803922]"
4,"[0.0001,0.0001,0.0001,0.0001,0.0001,0.5,0.5,0.0001]","[0.0001,0.0001,0.0001,0.0001,0.33333334,0.5,0.5,0.33333334]"
4,"[0.0001,0.0001,0.0001,0.0001,1.0,0.0001,0.0001,0.5]","[0.0001,0.0001,0.0001,0.0001,0.71428573,0.85714287,0.5714286,0.2857143]"
4,"[0.0001,0.0001,0.0001,0.0001,0.5,0.5,0.5,0.5]","[0.0001,0.0001,0.0001,0.0001,0.53333336,0.53333336,0.53333336,0.46666667]"
4,"[0.0001,0.0001,0.0001,0.0001,0.53333336,0.46666667,0.46666667,0.53333336]","[0.0001,0.0001,0.0001,0.0001,0.53333336,0.53333336,0.53333336,0.46666667]"
4,"[0.0001,0.0001,0.0001,0.0001,0.5,0.5,0.5,0.5]","[0.0001,0.0001,0.0001,0.0001,0.45454547,0.54545456,0.72727275,0.45454547]"
4,"[0.0001,0.0001,0.0001,0.0001,0.5,0.42857143,0.5714286,0.5]","[0.0001,0.0001,0.0001,0.0001,0.46153846,0.61538464,0.46153846,0.53846157]"
4,"[0.0001,0.0001,0.0001,0.0001,0.0001,0.0001,0.0001,0.5]","[0.0001,0.0001,0.0001,0.0001,0.41666666,0.33333334,0.41666666,0.5833333]"
4,"[0.0001,0.0001,0.0001,0.0001,0.0001,0.5,0.0001,0.5]","[0.0001,0.0001,0.0001,0.0001,0.42857143,0.5714286,0.42857143,0.5]"
4,"[0.0001,0.0001,0.0001,0.0001,0.46666667,0.46666667,0.46666667,0.46666667]","[0.0001,0.0001,0.0001,0.0001,0.5833333,0.5833333,0.5833333,0.6666667]"
4,"[0.0001,0.0001,0.0001,0.0001,0.46153846,0.46153846,0.53846157,0.53846157]","[0.0001,0.0001,0.0001,0.0001,0.53846157,0.53846157,0.61538464,0.53846157]"
4,"[0.0001,0.0001,0.0001,0.0001,0.5,0.5,0.5,0.5]","[0.0001,0.0001,0.0001,0.0001,0.41666666,0.5833333,0.6666667,0.5]"
4,"[0.0001,0.0001,0.0001,0.0001,0.5714286,0.5714286,0.5,0.5]","[0.0001,0.0001,0.0001,0.0001,0.5714286,0.42857143,0.5,0.5714286]"
4,"[0.0001,0.0001,0.0001,0.0001,0.5,0.5,0.5,0.5]","[0.0001,0.0001,0.0001,0.0001,0.6666667,0.41666666,0.5,0.41666666]"
4,"[0.0001,0.0001,0.0001,0.0001,0.46666667,0.46666667,0.53333336,0.53333336]","[0.0001,0.0001,0.0001,0.0001,0.53846157,0.61538464,0.61538464,0.46153846]"
4,"[0.0001,0.0001,0.0001,0.0001,0.5,0.5,0.5,0.5]","[0.0001,0.0001,0.0001,0.0001,0.53846157,0.53846157,0.61538464,0.46153846]"
4,"[0.0001,0.0001,0.0001,0.0001,0.0001,0.0001,0.5,0.0001]","[0.0001,0.0001,0.0001,0.0001,0.5714286,0.42857143,0.5,0.42857143]"
4,"[0.0001,0.0001,0.0001,0.0001,1.0,0.0001,0.0001,0.5]","[0.0001,0.0001,0.0001,0.0001,0.7,0.7,0.4,0.4]"
4,"[0.0001,0.0001,0.0001,0.0001,0.46666667,0.46666667,0.46666667,0.53333336]","[0.0001,0.0001,0.0001,0.0001,0.61538464,0.46153846,0.53846157,0.46153846]"
4,"[0.0001,0.0001,0.0001,0.0001,1.0,0.5,1.0,0.5]","[0.0001,0.0001,0.0001,0.0001,0.61538464,0.46153846,0.61538464,0.53846157]"
5,"[0.0001,0.0001,0.0001,0.5,0.0001,0.5,0.5,0.5]","[0.0001,0.0001,0.0001,0.5217391,0.6956522,0.5652174,0.39130434,0.5217391]"
5,"[0.0001,0.0001,0.0001,0.5,0.0001,0.0001,0.0001,0.0001]","[0.0001,0.0001,0.0001,0.4375,0.3125,0.3125,0.3125,0.3125]"
5,"[0.0001,0.0001,0.0001,0.516129,0.48387095,0.516129,0.48387095,0.48387095]","[0.0001,0.0001,0.0001,0.5263158,0.84210527,0.47368422,0.42105263,0.5263158]"
5,"[0.0001,0.0001,0.0001,0.0001,0.5,0.0001,1.0,0.0001]","[0.0001,0.0001,0.0001,0.2857143,0.42857143,0.35714287,0.85714287,0.35714287]"
5,"[0.0001,0.0001,0.0001,0.0001,1.0,0.0001,0.0001,0.0001]","[0.0001,0.0001,0.0001,0.4814815,0.5925926,0.5185185,0.4814815,0.44444445]"
5,"[0.0001,0.0001,0.0001,0.5,0.5,0.5,0.0001,0.0001]","[0.0001,0.0001,0.0001,0.45454547,0.5,0.5,0.4090909,0.4090909]"
5,"[0.0001,0.0001,0.0001,0.5,0.5,0.5,0.5,0.5]","[0.0001,0.0001,0.0001,0.55172414,0.4827586,0.51724136,0.51724136,0.4827586]"
5,"[0.0001,0.0001,0.0001,0.46666667,0.5,0.46666667,0.5,0.46666667]","[0.0001,0.0001,0.0001,0.5,0.45833334,0.6666667,0.5416667,0.5]"
5,"[0.0001,0.0001,0.0001,0.48387095,0.48387095,0.516129,0.48387095,0.48387095]","[0.0001,0.0001,0.0001,0.5185185,0.5185185,0.4814815,0.5925926,0.5185185]"
5,"[0.0001,0.0001,0.0001,0.5,0.0001,0.5,0.5,0.5]","[0.0001,0.0001,0.0001,0.45833334,0.375,0.6666667,0.5,0.45833334]"
5,"[0.0001,0.0001,0.0001,0.0001,0.5,0.0001,0.0001,0.5]","[0.0001,0.0001,0.0001,0.42857143,0.5714286,0.33333334,0.33333334,0.5714286]"
5,"[0.0001,0.0001,0.0001,0.5,0.0001,0.5,0.5,0.5]","[0.0001,0.0001,0.0001,0.48,0.36,0.4,0.52,0.56]"
5,"[0.0001,0.0001,0.0001,0.48387095,0.48387095,0.516129,0.516129,0.48387095]","[0.0001,0.0001,0.0001,0.4,0.55,0.45,0.8,0.45]"
5,"[0.0001,0.0001,0.0001,0.0001,0.5,0.5,1.0,0.5]","[0.0001,0.0001,0.0001,0.44444445,0.5,0.5,0.5555556,0.8888889]"
5,"[0.0001,0.0001,0.0001,0.516129,0.48387095,0.48387095,0.48387095,0.48387095]","[0.0001,0.0001,0.0001,0.5,0.5,0.61538464,0.53846157,0.42307693]"
5,"[0.0001,0.0001,0.0001,0.0001,0.5,0.5,0.5,0.5]","[0.0001,0.0001,0.0001,0.53571427,0.53571427,0.4642857,0.5714286,0.5]"
5,"[0.0001,0.0001,0.0001,0.5,0.0001,0.0001,0.0001,0.0001]","[0.0001,0.0001,0.0001,0.5,0.3888889,0.2777778,0.3888889,0.33333334]"
5,"[0.0001,0.0001,0.0001,0.5,0.53333336,0.53333336,0.5,0.5]","[0.0001,0.0001,0.0001,0.53333336,0.5,0.53333336,0.46666667,0.5]"
5,"[0.0001,0.0001,0.0001,0.53333336,0.5,0.5,0.46666667,0.46666667]","[0.0001,0.0001,0.0001,0.5185185,0.5925926,0.4814815,0.5185185,0.5185185]"
6,"[0.0001,0.0001,0.46666667,0.51666665,0.5,0.5,0.51666665,0.53333336]","[0.0001,0.0001,0.5,0.5192308,0.61538464,0.53846157,0.5192308,0.48076922]"
6,"[0.0001,0.0001,0.0001,0.0001,0.5,0.0001,0.5,0.5]","[0.0001,0.0001,0.48076922,0.5,0.59615386,0.44230768,0.5,0.5576923]"
6,"[0.0001,0.0001,0.50877196,0.49122807,0.49122807,0.5263158,0.54385966,0.5263158]","[0.0001,0.0001,0.5277778,0.5555556,0.5,0.5277778,0.8888889,0.5277778]"
6,"[0.0001,0.0001,0.5,0.5,0.0001,0.5,0.0001,0.0001]","[0.0001,0.0001,0.5254237,0.5084746,0.4915254,0.5084746,0.45762712,0.45762712]"
6,"[0.0001,0.0001,0.4,0.6,0.0001,0.5,0.0001,0.5]","[0.0001,0.0001,0.4509804,0.47058824,0.50980395,0.5882353,0.4509804,0.54901963]"
6,"[0.0001,0.0001,0.5084746,0.5254237,0.4915254,0.47457626,0.4915254,0.5084746]","[0.0001,0.0001,0.5,0.8,0.475,0.525,0.475,0.575]"
6,"[0.0001,0.0001,0.0001,0.5,0.5,0.5,0.5,1.0]","[0.0001,0.0001,0.45762712,0.47457626,0.47457626,0.5254237,0.5084746,0.5423729]"
6,"[0.0001,0.0001,0.4918033,0.5081967,0.5081967,0.4918033,0.5081967,0.4918033]","[0.0001,0.0001,0.50980395,0.50980395,0.5294118,0.627451,0.5294118,0.54901963]"
6,"[0.0001,0.0001,0.5254237,0.5084746,0.47457626,0.47457626,0.5084746,0.5254237]","[0.0001,0.0001,0.4883721,0.5116279,0.53488374,0.74418604,0.4651163,0.4883721]"
6,"[0.0001,0.0001,0.5,0.5,0.0001,1.0,0.5,0.0001]","[0.0001,0.0001,0.6216216,0.5675676,0.3243243,0.6756757,0.5135135,0.3783784]"
6,"[0.0001,0.0001,0.0001,0.0001,0.0001,0.5,0.0001,0.5]","[0.0001,0.0001,0.48333332,0.5,0.46666667,0.5,0.48333332,0.48333332]"
6,"[0.0001,0.0001,0.5,0.0001,0.0001,0.5,0.5,0.5]","[0.0001,0.0001,0.53846157,0.34615386,0.34615386,0.96153843,0.5,0.5]"
6,"[0.0001,0.0001,0.5,0.516129,0.5,0.516129,0.516129,0.516129]","[0.0001,0.0001,0.9411765,0.5,0.5,0.5,0.5294118,0.5]"
6,"[0.0001,0.0001,0.516129,0.5,0.516129,0.5,0.5,0.48387095]","[0.0001,0.0001,0.5116279,0.74418604,0.53488374,0.5116279,0.4883721,0.4883721]"
6,"[0.0001,0.0001,0.4814815,0.44444445,0.44444445,0.4814815,0.5185185,0.0001]","[0.0001,0.0001,0.5,0.48333332,0.48333332,0.48333332,0.5,0.46666667]"
6,"[0.0001,0.0001,0.0001,0.5,0.0001,0.5,0.0001,0.0001]","[0.0001,0.0001,0.46666667,0.53333336,0.48333332,0.48333332,0.48333332,0.51666665]"
6,"[0.0001,0.0001,1.0,0.5,0.5,1.0,0.0001,1.0]","[0.0001,0.0001,0.5740741,0.5,0.46296296,0.5740741,0.46296296,0.4814815]"
6,"[0.0001,0.0001,0.5,0.0001,0.0001,0.5,1.0,0.5]","[0.0001,0.0001,0.4864865,0.4864865,0.3783784,0.5675676,0.8108108,0.5135135]"
6,"[0.0001,0.0001,0.51724136,0.51724136,0.5344828,0.4827586,0.5,0.51724136]","[0.0001,0.0001,0.45454547,0.5,0.47727272,0.45454547,0.72727275,0.5]"
6,"[0.0001,0.0001,0.5,0.5,0.5,0.5,0.0001,0.0001]","[0.0001,0.0001,0.5084746,0.5084746,0.4915254,0.45762712,0.45762712,0.45762712]"
6,"[0.0001,0.0001,0.5714286,0.2857143,0.0001,0.5714286,0.71428573,0.5714286]","[0.0001,0.0001,0.4915254,0.5084746,0.47457626,0.5084746,0.5423729,0.5423729]"
6,"[0.0001,0.0001,0.4915254,0.4915254,0.5084746,0.47457626,0.5084746,0.5084746]","[0.0001,0.0001,0.50980395,0.5294118,0.5686275,0.627451,0.5294118,0.50980395]"
6,"[0.0001,0.0001,0.5,0.0001,0.0001,0.0001,0.0001,0.5]","[0.0001,0.0001,0.4920635,0.4920635,0.4920635,0.4920635,0.4920635,0.4920635]"
7,"[0.0001,0.0001,0.0001,0.0001,0.5,0.0001,0.0001,0.0001]","[0.0001,0.43209878,0.4814815,0.44444445,0.4691358,0.45679012,0.2345679,0.4814815]"
7,"[0.0001,0.0001,0.5,0.5,0.0001,0.0001,0.0001,1.0]","[0.0001,0.4597701,0.54022986,0.5632184,0.42528737,0.41379312,0.4597701,0.7126437]"
7,"[0.0001,0.984127,0.4920635,0.4920635,0.4920635,0.52380955,0.47619048,0.50793654]","[0.0001,0.50793654,0.5,0.5,0.50793654,0.5,0.50793654,0.50793654]"
7,"[0.0001,0.5,0.0001,0.0001,0.0001,0.0001,0.0001,0.0001]","[0.0001,0.5833333,0.3611111,0.19444445,0.4722222,0.44444445,0.9444444,0.33333334]"
7,"[0.0001,0.0001,0.75,0.0001,0.5,0.5,0.5,0.0001]","[0.0001,0.5046729,0.53271025,0.45794392,0.5046729,0.5233645,0.5046729,0.47663552]"
7,"[0.0001,1.0,0.53846157,0.53846157,0.07692308,0.30769232,0.0001,0.61538464]","[0.0001,0.52459013,0.5081967,0.5,0.5081967,0.4918033,0.47540984,0.48360655]"
7,"[0.0001,0.52380955,0.47619048,0.7619048,0.7619048,0.52380955,0.47619048,0.0001]","[0.0001,0.4957265,0.4871795,0.5470086,0.47008547,0.50427353,0.4871795,0.46153846]"
7,"[0.0001,0.47474748,0.5555556,0.46464646,0.5151515,0.5050505,0.46464646,0.5151515]","[0.0001,0.49275362,0.5072464,0.49275362,0.5072464,0.47826087,0.49275362,0.92753625]"
7,"[0.0001,0.5,0.5,0.0001,0.0001,0.0001,0.0001,0.0001]","[0.0001,0.48333332,0.5,0.475,0.475,0.46666667,0.475,0.48333332]"
7,"[0.0001,0.5,0.0001,0.5,0.0001,0.0001,0.0001,0.0001]","[0.0001,0.5365854,0.09756097,0.5609756,0.31707317,0.31707317,0.4390244,0.2195122]"
7,"[0.0001,0.0001,0.5,0.5,0.0001,0.5,0.0001,0.0001]","[0.0001,0.18181819,0.36363637,0.3030303,0.24242425,0.3939394,0.3030303,0.3030303]"
7,"[0.0001,0.5,0.5,0.4814815,0.4722222,0.4814815,0.46296296,0.4722222]","[0.0001,0.53846157,0.51282054,0.5,0.51282054,0.5,0.82051283,0.55128205]"
7,"[0.0001,0.5140187,0.5140187,0.53271025,0.48598132,0.49532712,0.5046729,0.5233645]","[0.0001,0.52112675,0.53521127,0.47887325,0.5070422,0.46478873,0.90140843,0.47887325]"
7,"[0.0001,0.5,0.5,0.0001,0.5,0.5,0.5,0.0001]","[0.0001,0.49137932,0.51724136,0.45689654,0.5086207,0.4827586,0.49137932,0.44827586]"
7,"[0.0001,0.0001,0.0001,0.5,0.0001,0.0001,0.0001,0.0001]","[0.0001,0.5,0.49074075,0.49074075,0.4074074,0.41666666,0.46296296,0.4814815]"
7,"[0.0001,0.44444445,1.0,0.5555556,0.6111111,0.0001,0.6666667,0.5]","[0.0001,0.51578945,0.6526316,0.48421052,0.58947366,0.44210526,0.5368421,0.51578945]"
7,"[0.0001,0.5116279,0.4651163,0.5116279,0.37209302,0.55813956,0.9767442,0.23255815]","[0.0001,0.50406504,0.4878049,0.50406504,0.4878049,0.50406504,0.5203252,0.4796748]"
7,"[0.0001,0.0001,0.5,1.0,0.5,0.5,1.0,0.0001]","[0.0001,0.24,0.6,0.64,0.44,0.96,0.76,0.2]"
7,"[0.0001,0.0001,0.5714286,0.5714286,0.5714286,0.5,1.0,0.5]","[0.0001,0.5043478,0.5304348,0.5304348,0.51304346,0.5043478,0.5043478,0.53913045]"
7,"[0.0001,0.0001,0.0001,0.0001,0.0001,0.5,0.0001,0.0001]","[0.0001,0.24,0.24,0.16,0.28,0.52,0.24,0.24]"
7,"[0.0001,0.4854369,0.46601942,0.5145631,0.46601942,0.4368932,0.46601942,0.4563107]","[0.0001,0.4878049,0.5243902,0.5,0.5121951,0.7804878,0.5,0.5365854]"
7,"[0.0001,0.47826087,0.0001,0.65217394,0.5217391,0.5217391,0.3478261,0.0001]","[0.0001,0.460177,0.48672566,0.5132743,0.539823,0.5575221,0.46902654,0.48672566]"
7,"[0.0001,0.5294118,0.9411765,0.0001,0.47058824,0.0001,0.47058824,0.5294118]","[0.0001,0.5322581,0.7419355,0.32258064,0.41935483,0.22580644,0.48387095,0.5322581]"
7,"[0.0001,0.5576923,0.0001,0.53846157,0.5192308,0.5192308,0.59615386,0.53846157]","[0.0001,0.5163934,0.47540984,0.52459013,0.5163934,0.4918033,0.5163934,0.5]"
7,"[0.0001,0.34375,0.21875,0.5,0.46875,1.0,0.5625,0.53125]","[0.0001,0.49586776,0.49586776,0.5206612,0.5206612,0.5289256,0.5123967,0.4876033]"
7,"[0.0001,0.5,0.5,0.6666667,1.0,1.0,0.5,0.6666667]","[0.0001,0.92753625,0.5072464,0.5217391,0.47826087,0.49275362,0.49275362,0.49275362]"
7,"[0.0001,0.5,0.0001,0.5,1.0,0.5,0.5,0.0001]","[0.0001,0.5,0.4512195,0.47560975,0.58536583,0.5121951,0.5,0.2682927]"
7,"[0.0001,0.0001,0.5,0.5,0.5,0.0001,0.5,0.0001]","[0.0001,0.47311828,0.516129,0.4623656,0.4516129,0.4623656,0.53763443,0.38709676]"
7,"[0.0001,0.45535713,0.49107143,0.5,0.49107143,0.52678573,0.5,0.5089286]","[0.0001,0.50574714,0.52873564,0.49425286,0.52873564,0.4827586,0.4827586,0.7356322]"
7,"[0.0001,0.0001,0.0001,0.0001,0.5,1.0,0.0001,0.5]","[0.0001,0.38235295,0.48039216,0.4117647,0.5,0.5392157,0.42156863,0.5]"
7,"[0.0001,0.47826087,0.5,0.47826087,1.0,0.5217391,0.5,0.3478261]","[0.0001,0.4878049,0.50406504,0.49593496,0.5121951,0.49593496,0.4796748,0.4796748]"
7,"[0.0001,0.4774775,0.4774775,0.5045045,0.4774775,0.4864865,0.4954955,0.5045045]","[0.0001,0.7111111,0.5,0.53333336,0.5,0.5222222,0.5,0.51111114]"
8,"[0.6666667,0.33333334,0.0001,0.5,0.0001,0.0001,0.0001,0.0001]","[0.6166667,0.35,0.31666666,0.51666665,0.15,0.15,0.28333333,0.31666666]"
8,"[0.0001,0.0001,0.42857143,0.5714286,0.42857143,0.0001,0.0001,0.0001]","[0.5,0.504,0.504,0.504,0.504,0.488,0.496,0.496]"
8,"[0.53535354,0.4848485,0.510101,0.52020204,0.5252525,0.5,0.530303,0.5]","[0.5151515,0.5151515,0.5,0.969697,0.50757575,0.5,0.5151515,0.4848485]"
8,"[0.4848485,0.5151515,0.5151515,0.4848485,0.969697,0.4848485,1.0,0.0001]","[0.48876405,0.5449438,0.49438202,0.51123595,0.6179775,0.505618,0.6123595,0.3483146]"
8,"[0.495283,0.5283019,0.49056605,0.504717,0.504717,0.49056605,0.48584905,0.5141509]","[0.51724136,0.4827586,0.49655172,0.51724136,0.8827586,0.50344825,0.5103448,0.5103448]"
8,"[0.7894737,0.4473684,0.47368422,0.42105263,0.4473684,0.47368422,0.15789473,0.36842105]","[0.5059289,0.49407116,0.5019763,0.5059289,0.49407116,0.5019763,0.49802372,0.49407116]"
8,"[0.14285715,0.71428573,0.85714287,0.42857143,0.42857143,0.5,1.0,0.0001]","[0.4525862,0.5258621,0.51724136,0.5215517,0.48706895,0.5,0.51724136,0.46120688]"
8,"[0.5,0.0001,0.0001,0.5,1.0,0.0001,0.0001,0.0001]","[0.58947366,0.35789475,0.36842105,0.38947368,0.70526314,0.31578946,0.4105263,0.38947368]"
8,"[0.19379845,0.4883721,0.41860464,0.4651163,0.5271318,0.6511628,0.42635658,0.4883721]","[0.4478261,0.5173913,0.4826087,0.5217391,0.5043478,0.5478261,0.5,0.5043478]"
8,"[0.48333332,0.5,0.5,0.49166667,1.0,0.5083333,0.5083333,0.48333332]","[0.5080645,0.50403225,0.5080645,0.51209676,0.516129,0.5080645,0.5,0.5080645]"
8,"[0.0001,0.0001,0.0001,0.0001,0.5,0.5,0.0001,0.5]","[0.30769232,0.3974359,0.44871795,0.41025642,0.5769231,0.974359,0.44871795,0.37179488]"
8,"[0.61728394,0.5185185,0.6419753,0.49382716,0.4691358,0.5555556,0.4691358,0.4814815]","[0.5019608,0.49803922,0.49803922,0.49803922,0.49803922,0.49803922,0.5019608,0.5019608]"
8,"[0.0001,0.5,0.5,0.0001,0.5,0.0001,0.0001,0.0001]","[0.2751678,0.5167785,0.5302013,0.5033557,0.4899329,0.45637584,0.4899329,0.34228188]"
8,"[0.5833333,0.41666666,0.5625,0.47916666,0.0001,0.45833334,0.47916666,0.375]","[0.503937,0.496063,0.503937,0.5,0.496063,0.503937,0.5,0.496063]"
8,"[0.0001,0.6666667,0.0001,0.0001,0.5,0.33333334,0.5,0.5]","[0.4390244,0.51829267,0.2682927,0.44512194,0.5243902,0.46341464,0.4817073,0.5]"
8,"[0.5319149,0.42553192,0.65957445,0.5319149,0.4680851,0.5106383,0.65957445,0.40425533]","[0.50416666,0.49583334,0.52916664,0.49166667,0.48333332,0.5,0.5125,0.46666667]"
8,"[0.54285717,0.51428574,0.47142857,0.98571426,0.5285714,0.64285713,0.5,0.5285714]","[0.50406504,0.5,0.49593496,0.5203252,0.49593496,0.5121951,0.48373982,0.49593496]"
8,"[0.5,1.0,0.0001,0.5,0.0001,1.0,0.5,0.5]","[0.50714284,0.5,0.49285713,0.9142857,0.47857141,0.51428574,0.51428574,0.5]"
8,"[0.0001,0.5,0.0001,0.6666667,0.0001,1.0,0.5,0.33333334]","[0.46835443,0.51898736,0.4113924,0.51898736,0.44936708,0.613924,0.38607594,0.6392405]"
8,"[0.5,0.0001,0.0001,0.0001,0.5,0.0001,0.0001,1.0]","[0.4715909,0.42613637,0.4318182,0.5,0.52840906,0.52272725,0.2840909,0.51704544]"
8,"[0.4827586,0.4827586,0.51724136,0.50246304,0.5073892,0.5123153,0.49753696,0.51724136]","[0.48591548,0.5,0.5,0.5,0.471831,0.5140845,0.5070422,0.90140843]"
8,"[0.0001,0.0001,1.0,0.5,0.5,0.0001,0.0001,0.0001]","[0.073529415,0.10294118,0.60294116,0.45588234,0.5,0.44117647,0.38235295,0.38235295]"
8,"[0.0001,0.5,0.33333334,0.0001,0.0001,0.33333334,0.5,0.5]","[0.46391752,0.5103093,0.37628865,0.4742268,0.41237113,0.41752577,0.5103093,0.53092784]"
8,"[0.5,0.5,0.5,0.0001,0.5,0.0001,0.0001,0.0001]","[0.5394737,0.43421054,0.4868421,0.21052632,0.56578946,0.48026314,0.46052632,0.4276316]"
8,"[0.0001,0.0001,0.0001,0.0001,0.0001,0.0001,0.5,0.0001]","[0.46192893,0.5025381,0.3857868,0.44162437,0.46192893,0.4467005,0.57360405,0.5076142]"
8,"[0.53846157,0.53846157,1.0,0.30769232,0.6923077,0.46153846,0.3846154,0.0001]","[0.49222797,0.4818653,0.60103625,0.44559586,0.5181347,0.50259066,0.507772,0.46632123]"
8,"[0.5,0.0001,0.5,0.0001,0.0001,0.0001,0.0001,0.5]","[0.5338983,0.48305085,0.5084746,0.47881356,0.4957627,0.48305085,0.48305085,0.5169492]"
8,"[0.5,0.0001,0.5,0.33333334,0.0001,0.5,0.33333334,0.6666667]","[0.49568966,0.49137932,0.5344828,0.46551725,0.47844827,0.50431037,0.5086207,0.47413793]"
8,"[0.5,0.5,1.0,0.5,0.5,0.0001,0.5,0.5]","[0.4698795,0.5180723,0.6204819,0.5421687,0.5060241,0.31325302,0.45180723,0.5120482]"
8,"[0.5,0.0001,0.5,1.0,0.0001,0.0001,0.5,0.0001]","[0.41414142,0.4090909,0.510101,0.5555556,0.44444445,0.44444445,0.479798,0.5050505]"
8,"[0.74666667,0.24,0.22666667,0.49333334,0.53333336,0.41333333,0.41333333,0.49333334]","[0.508,0.492,0.492,0.5,0.496,0.508,0.496,0.5]"
8,"[0.50526315,0.56842107,0.29473683,0.5368421,0.6105263,0.5473684,0.58947366,0.42105263]","[0.49392712,0.51417005,0.48178136,0.49392712,0.51417005,0.4979757,0.51821864,0.48582995]"
8,"[0.0001,0.0001,0.0001,0.5,1.0,0.0001,0.5,1.0]","[0.25,0.125,0.20833333,0.5,0.8333333,0.125,0.5416667,0.9166667]"
8,"[0.46376812,0.47826087,0.5507246,0.47826087,0.4347826,1.0,0.5217391,0.44927537]","[0.50199205,0.50199205,0.49003986,0.49800798,0.5099602,0.5099602,0.49800798,0.49003986]"
8,"[0.49289098,0.507109,0.51184833,0.47393364,0.49763033,0.47393364,0.5165877,0.50236964]","[0.5033113,0.47682118,0.49668875,0.8476821,0.5298013,0.5033113,0.5033113,0.49006623]"
8,"[0.63265306,0.5102041,0.53061223,0.6530612,0.59183675,0.53741497,0.50340134,0.5102041]","[0.5019608,0.49803922,0.49803922,0.5019608,0.49803922,0.5019608,0.49803922,0.5019608]"
8,"[0.5,0.0001,0.5,0.0001,0.5,0.5,0.5,0.0001]","[0.52073735,0.43317974,0.47465438,0.44700462,0.49769586,0.53456223,0.47926268,0.44700462]"
8,"[0.4074074,0.6296296,0.2962963,0.37037036,0.5925926,0.18518518,0.4814815,0.33333334]","[0.503937,0.503937,0.503937,0.503937,0.496063,0.5,0.496063,0.496063]"
8,"[0.0001,0.47272727,0.54545456,0.5272727,0.38181818,0.5272727,0.09090909,0.47272727]","[0.49407116,0.49802372,0.49802372,0.5019763,0.49802372,0.5059289,0.49407116,0.5019763]"
4,"[0.0001,0.0001,0.0001,0.0001,0.5,0.5,0.5,0.5]","[0.0001,0.0001,0.0001,0.0001,0.5714286,0.42857143,0.5714286,0.5]"
4,"[0.0001,0.0001,0.0001,0.0001,0.5,0.5,0.5,0.5]","[0.0001,0.0001,0.0001,0.0001,0.53333336,0.46666667,0.53333336,0.46666667]"
4,"[0.0001,0.0001,0.0001,0.0001,0.5,0.5,0.5,0.5]","[0.0001,0.0001,0.0001,0.0001,0.54545456,0.72727275,0.45454547,0.54545456]"
4,"[0.0001,0.0001,0.0001,0.0001,0.0001,0.0001,0.0001,0.5]","[0.0001,0.0001,0.0001,0.0001,0.4,0.2,0.4,0.5]"
4,"[0.0001,0.0001,0.0001,0.0001,0.5,0.5,0.5,0.5]","[0.0001,0.0001,0.0001,0.0001,0.53333336,0.46666667,0.46666667,0.53333336]"
4,"[0.0001,0.0001,0.0001,0.0001,0.5,0.5,0.5,0.5]","[0.0001,0.0001,0.0001,0.0001,0.46153846,0.46153846,0.61538464,0.46153846]"
4,"[0.0001,0.0001,0.0001,0.0001,0.5,0.5,0.5,0.5]","[0.0001,0.0001,0.0001,0.0001,0.8,0.5,0.5,0.5]"
4,"[0.0001,0.0001,0.0001,0.0001,0.5,0.5,1.0,0.0001]","[0.0001,0.0001,0.0001,0.0001,0.8,0.5,0.6,0.4]"
4,"[0.0001,0.0001,0.0001,0.0001,0.5,0.5,0.5,0.5]","[0.0001,0.0001,0.0001,0.0001,0.5,0.5,0.5,0.5714286]"
4,"[0.0001,0.0001,0.0001,0.0001,0.5,0.5,0.5,0.5]","[0.0001,0.0001,0.0001,0.0001,0.41666666,0.5,0.6666667,0.5833333]"
4,"[0.0001,0.0001,0.0001,0.0001,0.5,0.0001,0.5,0.0001]","[0.0001,0.0001,0.0001,0.0001,0.44444445,0.22222222,0.44444445,0.33333334]"
4,"[0.0001,0.0001,0.0001,0.0001,0.5,0.5,0.5,0.5]","[0.0001,0.0001,0.0001,0.0001,0.5833333,0.6666667,0.5833333,0.41666666]"
4,"[0.0001,0.0001,0.0001,0.0001,0.14285715,0.71428573,0.42857143,0.42857143]","[0.0001,0.0001,0.0001,0.0001,0.5,0.5714286,0.42857143,0.42857143]"
4,"[0.0001,0.0001,0.0001,0.0001,0.0001,0.5,0.5,0.5]","[0.0001,0.0001,0.0001,0.0001,0.45454547,0.72727275,0.54545456,0.6363636]"
4,"[0.0001,0.0001,0.0001,0.0001,0.0001,0.0001,0.5,0.0001]","[0.0001,0.0001,0.0001,0.0001,0.2857143,0.14285715,0.2857143,0.42857143]"
4,"[0.0001,0.0001,0.0001,0.0001,0.5714286,0.5,0.5714286,0.42857143]","[0.0001,0.0001,0.0001,0.0001,0.5714286,0.5714286,0.5,0.5714286]"
4,"[0.0001,0.0001,0.0001,0.0001,0.5,0.0001,0.5,0.5]","[0.0001,0.0001,0.0001,0.0001,0.5833333,0.6666667,0.41666666,0.5]"
4,"[0.0001,0.0001,0.0001,0.0001,0.5,0.5,0.5,0.5]","[0.0001,0.0001,0.0001,0.0001,0.5,0.8,0.6,0.4]"
4,"[0.0001,0.0001,0.0001,0.0001,0.5,0.5,0.5,0.5]","[0.0001,0.0001,0.0001,0.0001,0.5714286,0.5714286,0.42857143,0.5]"
4,"[0.0001,0.0001,0.0001,0.0001,0.5,0.0001,0.0001,0.0001]","[0.0001,0.0001,0.0001,0.0001,0.5833333,0.41666666,0.33333334,0.5]"
4,"[0.0001,0.0001,0.0001,0.0001,1.0,0.5,0.5,0.0001]","[0.0001,0.0001,0.0001,0.0001,0.5,0.75,0.75,0.25]"
4,"[0.0001,0.0001,0.0001,0.0001,0.5,1.0,0.0001,0.0001]","[0.0001,0.0001,0.0001,0.0001,0.5,0.8,0.4,0.4]"
4,"[0.0001,0.0001,0.0001,0.0001,0.0001,0.5,0.5,0.0001]","[0.0001,0.0001,0.0001,0.0001,0.3846154,0.3846154,0.53846157,0.46153846]"
4,"[0.0001,0.0001,0.0001,0.0001,0.5,0.5,0.5,0.5]","[0.0001,0.0001,0.0001,0.0001,0.45454547,0.45454547,0.36363637,0.72727275]"
4,"[0.0001,0.0001,0.0001,0.0001,0.5,0.5,0.0001,0.5]","[0.0001,0.0001,0.0001,0.0001,0.45454547,0.6363636,0.72727275,0.45454547]"
4,"[0.0001,0.0001,0.0001,0.0001,0.5,1.0,0.0001,0.5]","[0.0001,0.0001,0.0001,0.0001,0.46153846,0.61538464,0.3846154,0.46153846]"
4,"[0.0001,0.0001,0.0001,0.0001,0.5,0.0001,0.5,0.5]","[0.0001,0.0001,0.0001,0.0001,0.5,0.8,0.4,0.5]"
5,"[0.0001,0.0001,0.0001,0.6666667,0.6666667,0.0001,0.0001,0.0001]","[0.0001,0.0001,0.0001,0.5,0.61538464,0.46153846,0.5,0.42307693]"
5,"[0.0001,0.0001,0.0001,0.0001,0.0001,0.0001,0.5,0.0001]","[0.0001,0.0001,0.0001,0.48387095,0.516129,0.48387095,0.516129,0.48387095]"
5,"[0.0001,0.0001,0.0001,0.5,0.5,0.0001,0.5,0.5]","[0.0001,0.0001,0.0001,0.4814815,0.5555556,0.4074074,0.5555556,0.4814815]"
5,"[0.0001,0.0001,0.0001,0.5,0.5,0.5,0.5,0.5]","[0.0001,0.0001,0.0001,0.47826087,0.6956522,0.47826087,0.5217391,0.5217391]"
5,"[0.0001,0.0001,0.0001,0.5,0.5,0.0001,1.0,1.0]","[0.0001,0.0001,0.0001,0.5,0.53333336,0.53333336,0.53333336,0.53333336]"
5,"[0.0001,0.0001,0.0001,0.48387095,0.48387095,0.48387095,0.48387095,0.516129]","[0.0001,0.0001,0.0001,0.55172414,0.55172414,0.55172414,0.51724136,0.51724136]"
5,"[0.0001,0.0001,0.0001,0.0001,0.5,0.0001,0.5,0.0001]","[0.0001,0.0001,0.0001,0.5,0.53571427,0.42857143,0.53571427,0.4642857]"
5,"[0.0001,0.0001,0.0001,0.516129,0.516129,0.516129,0.48387095,0.516129]","[0.0001,0.0001,0.0001,0.516129,0.48387095,0.516129,0.516129,0.516129]"
5,"[0.0001,0.0001,0.0001,0.0001,0.0001,0.5,0.0001,0.0001]","[0.0001,0.0001,0.0001,0.3529412,0.3529412,0.47058824,0.23529412,0.3529412]"
5,"[0.0001,0.0001,0.0001,0.5,0.5,0.0001,0.0001,0.5]","[0.0001,0.0001,0.0001,0.5,0.5,0.3888889,0.22222222,0.44444445]"
5,"[0.0001,0.0001,0.0001,0.5,0.5,0.0001,0.5,0.5]","[0.0001,0.0001,0.0001,0.5,0.5,0.4090909,0.54545456,0.6363636]"
5,"[0.0001,0.0001,0.0001,0.0001,0.0001,0.5,0.0001,0.0001]","[0.0001,0.0001,0.0001,0.44444445,0.2777778,0.6666667,0.33333334,0.3888889]"
5,"[0.0001,0.0001,0.0001,0.33333334,0.0001,0.6666667,0.5,0.0001]","[0.0001,0.0001,0.0001,0.36363637,0.36363637,0.5,0.54545456,0.45454547]"
5,"[0.0001,0.0001,0.0001,0.48387095,0.516129,0.516129,0.48387095,0.516129]","[0.0001,0.0001,0.0001,0.5555556,0.4814815,0.4814815,0.4814815,0.5925926]"
5,"[0.0001,0.0001,0.0001,0.516129,0.516129,0.48387095,0.48387095,0.48387095]","[0.0001,0.0001,0.0001,0.6,0.5,0.45,0.5,0.8]"
5,"[0.0001,0.0001,0.0001,0.5,0.5,0.5,0.5,0.5]","[0.0001,0.0001,0.0001,0.51724136,0.55172414,0.44827586,0.4827586,0.51724136]"
5,"[0.0001,0.0001,0.0001,0.5714286,0.5714286,0.5,0.21428572,0.42857143]","[0.0001,0.0001,0.0001,0.84210527,0.5263158,0.47368422,0.47368422,0.57894737]"
5,"[0.0001,0.0001,0.0001,0.48387095,0.48387095,0.48387095,0.48387095,0.516129]","[0.0001,0.0001,0.0001,0.4827586,0.51724136,0.55172414,0.51724136,0.44827586]"
5,"[0.0001,0.0001,0.0001,0.5,0.5,1.0,0.0001,0.0001]","[0.0001,0.0001,0.0001,0.5,0.55,0.55,0.8,0.4]"
5,"[0.0001,0.0001,0.0001,0.0001,0.5,0.5,0.0001,0.0001]","[0.0001,0.0001,0.0001,0.42105263,0.57894737,0.47368422,0.47368422,0.84210527]"
5,"[0.0001,0.0001,0.0001,0.33333334,0.5,0.0001,0.0001,0.6666667]","[0.0001,0.0001,0.0001,0.4,0.48,0.48,0.4,0.48]"
5,"[0.0001,0.0001,0.0001,0.6315789,0.47368422,0.21052632,0.47368422,0.5263158]","[0.0001,0.0001,0.0001,0.84210527,0.5263158,0.42105263,0.5263158,0.47368422]"
5,"[0.0001,0.0001,0.0001,0.5,0.5,0.5,0.6666667,0.33333334]","[0.0001,0.0001,0.0001,0.5,0.45,0.55,0.6,0.8]"
6,"[0.0001,0.0001,0.4918033,0.4918033,0.5081967,0.5081967,0.52459013,0.52459013]","[0.0001,0.0001,0.6530612,0.5510204,0.48979592,0.48979592,0.5102041,0.46938777]"
6,"[0.0001,0.0001,0.4509804,0.4509804,0.47058824,0.4509804,0.50980395,0.43137255]","[0.0001,0.0001,0.5135135,0.5405405,0.5135135,0.8648649,0.4864865,0.4864865]"
6,"[0.0001,0.0001,0.0001,0.0001,0.0001,1.0,0.5,0.5]","[0.0001,0.0001,0.26086956,0.2173913,0.39130434,0.7826087,0.3478261,0.4347826]"
6,"[0.0001,0.0001,0.5084746,0.47457626,0.5423729,0.4915254,0.5084746,0.5084746]","[0.0001,0.0001,0.4680851,0.44680852,0.4680851,0.5106383,0.4893617,0.68085104]"
6,"[0.0001,0.0001,0.5,0.0001,0.5,0.5,0.5,0.5]","[0.0001,0.0001,0.48387095,0.48387095,0.516129,0.5,0.48387095,0.48387095]"
6,"[0.0001,0.0001,0.3846154,0.61538464,0.46153846,0.53846157,0.0001,0.0001]","[0.0001,0.0001,0.34146342,0.6585366,0.4878049,0.6097561,0.41463414,0.4390244]"
6,"[0.0001,0.0001,0.8,0.6,0.0001,0.8,0.0001,0.4]","[0.0001,0.0001,0.5,0.5,0.48387095,0.5,0.48387095,0.5]"
6,"[0.0001,0.0001,0.5,0.5,0.5,0.5,0.0001,0.5]","[0.0001,0.0001,0.50793654,0.50793654,0.50793654,0.50793654,0.4920635,0.4920635]"
6,"[0.0001,0.0001,0.4918033,0.4918033,0.4918033,0.4918033,0.4918033,0.4918033]","[0.0001,0.0001,0.45238096,0.7619048,0.5,0.42857143,0.54761904,0.45238096]"
6,"[0.0001,0.0001,0.0001,0.0001,1.0,0.5,0.5,0.0001]","[0.0001,0.0001,0.3529412,0.4117647,0.6764706,0.5588235,0.61764705,0.29411766]"
6,"[0.0001,0.0001,0.0001,0.0001,0.0001,0.5,1.0,0.5]","[0.0001,0.0001,0.5,0.48387095,0.48387095,0.516129,0.516129,0.48387095]"
6,"[0.0001,0.0001,0.5714286,0.5,0.5714286,0.2857143,0.5714286,0.71428573]","[0.0001,0.0001,0.5423729,0.47457626,0.5254237,0.4915254,0.5254237,0.47457626]"
6,"[0.0001,0.0001,0.4090909,0.54545456,1.0,0.6363636,0.36363637,0.5]","[0.0001,0.0001,0.54285717,0.54285717,0.4857143,0.54285717,0.51428574,0.9142857]"
6,"[0.0001,0.0001,0.5,0.5,0.5,0.5,0.5,0.0001]","[0.0001,0.0001,0.4920635,0.50793654,0.4920635,0.50793654,0.4920635,0.4920635]"
6,"[0.0001,0.0001,1.0,0.5,0.0001,0.5,0.0001,0.0001]","[0.0001,0.0001,0.5254237,0.5254237,0.4915254,0.5084746,0.45762712,0.4915254]"
6,"[0.0001,0.0001,0.0001,0.8,0.0001,0.4,0.6,0.0001]","[0.0001,0.0001,0.25,0.8,0.2,0.4,0.55,0.25]"
6,"[0.0001,0.0001,0.5609756,0.4390244,0.46341464,0.46341464,0.41463414,0.6097561]","[0.0001,0.0001,0.52380955,0.47619048,0.52380955,0.7619048,0.54761904,0.5]"
6,"[0.0001,0.0001,0.0001,0.0001,0.0001,1.0,0.0001,0.0001]","[0.0001,0.0001,0.3846154,0.30769232,0.07692308,0.84615386,0.30769232,0.3846154]"
6,"[0.0001,0.0001,0.5,0.5,0.46666667,0.5,0.51666665,0.51666665]","[0.0001,0.0001,0.53846157,0.4871795,0.51282054,0.82051283,0.53846157,0.46153846]"
6,"[0.0001,0.0001,0.5,0.5,0.0001,0.5,0.0001,0.0001]","[0.0001,0.0001,0.45454547,0.4909091,0.45454547,0.5090909,0.47272727,0.5272727]"
7,"[0.0001,0.686747,0.5060241,0.4698795,0.45783132,0.4698795,0.5180723,0.38554215]","[0.0001,0.5151515,0.4848485,0.5,0.5151515,0.969697,0.4848485,0.5]"
7,"[0.0001,0.0001,1.0,0.0001,0.0001,1.0,0.5,0.0001]","[0.0001,0.43835616,0.60273975,0.24657534,0.41095892,0.5205479,0.5068493,0.39726028]"
7,"[0.0001,0.50442475,0.49557522,0.50442475,0.49557522,0.5132743,0.50442475,0.50442475]","[0.0001,0.4945055,0.52747256,0.50549453,0.5494506,0.7032967,0.50549453,0.4945055]"
7,"[0.0001,1.0,0.5,0.0001,0.5,0.5,0.5,0.5]","[0.0001,0.504,0.512,0.496,0.488,0.496,0.512,0.504]"
7,"[0.0001,0.0001,0.5,0.0001,0.6666667,0.33333334,0.0001,0.5]","[0.0001,0.4920635,0.50793654,0.4920635,0.50793654,0.4920635,0.5,0.50793654]"
7,"[0.0001,0.5089286,0.48214287,0.5,0.5,0.4732143,0.49107143,0.49107143]","[0.0001,0.5104167,0.46875,0.5104167,0.6666667,0.5208333,0.46875,0.5]"
7,"[0.0001,0.52380955,0.0001,0.3809524,0.3809524,1.0,0.6666667,0.61904764]","[0.0001,0.4915254,0.4661017,0.5084746,0.5,0.5423729,0.5338983,0.4915254]"
7,"[0.0001,0.5,0.33333334,0.0001,0.0001,1.0,0.5,0.33333334]","[0.0001,0.51428574,0.5,0.4857143,0.5285714,0.47142857,0.4857143,0.9142857]"
7,"[0.0001,0.5,0.50877196,0.50877196,0.48245615,0.49122807,0.51754385,0.50877196]","[0.0001,0.67368424,0.4631579,0.51578945,0.48421052,0.5473684,0.5368421,0.47368422]"
7,"[0.0001,0.5,0.5,0.5,0.0001,0.33333334,0.6666667,0.5]","[0.0001,0.5080645,0.4919355,0.5080645,0.48387095,0.48387095,0.516129,0.4919355]"
7,"[0.0001,0.27272728,0.0001,0.54545456,0.5,0.6363636,0.5,1.0]","[0.0001,0.496,0.488,0.512,0.496,0.512,0.504,0.512]"
7,"[0.0001,0.45833334,0.0001,0.6666667,0.5,0.0001,0.41666666,0.5]","[0.0001,0.5,0.48387095,0.5080645,0.5080645,0.516129,0.48387095,0.48387095]"
7,"[0.0001,0.3243243,0.527027,0.5,0.4864865,0.4864865,0.4864865,0.47297296]","[0.0001,0.47945204,0.5068493,0.5068493,0.49315068,0.53424656,0.8767123,0.5068493]"
7,"[0.0001,0.48623854,0.48623854,0.4587156,0.5412844,0.5229358,0.5045872,0.49541286]","[0.0001,0.52272725,0.72727275,0.5113636,0.45454547,0.47727272,0.5113636,0.5]"
7,"[0.0001,0.5,0.33333334,0.5,0.0001,0.6666667,0.5,0.0001]","[0.0001,0.504,0.488,0.504,0.496,0.512,0.496,0.488]"
7,"[0.0001,0.3846154,0.46153846,0.0001,0.53846157,0.0001,0.5769231,0.5769231]","[0.0001,0.4920635,0.4920635,0.4920635,0.50793654,0.50793654,0.5,0.50793654]"
7,"[0.0001,0.0001,1.0,0.5,0.0001,0.0001,0.0001,0.0001]","[0.0001,0.45945945,0.6486486,0.47297296,0.33783785,0.3243243,0.4189189,0.5]"
7,"[0.0001,1.0,0.5,0.0001,0.0001,0.5,0.0001,0.0001]","[0.0001,0.6547619,0.53571427,0.45238096,0.41666666,0.41666666,0.5,0.47619048]"
7,"[0.0001,0.0001,0.0001,0.0001,0.5,0.6666667,0.0001,0.6666667]","[0.0001,0.41666666,0.47619048,0.29761904,0.48809522,0.5833333,0.48809522,0.5714286]"
7,"[0.0001,0.4827586,0.51724136,0.51724136,0.5,0.4827586,0.5086207,0.49137932]","[0.0001,0.5119048,0.47619048,0.48809522,0.5119048,0.5,0.7619048,0.48809522]"
7,"[0.0001,0.0001,0.0001,0.5,0.5,0.0001,0.0001,0.5]","[0.0001,0.44117647,0.47058824,0.5441176,0.47058824,0.3529412,0.44117647,0.20588236]"
7,"[0.0001,0.44444445,0.4814815,0.0001,0.4814815,0.4074074,0.5555556,0.4814815]","[0.0001,0.50476193,0.4952381,0.3904762,0.4952381,0.47619048,0.51428574,0.50476193]"
7,"[0.0001,0.48387095,0.48387095,0.516129,0.48387095,0.0001,0.0001,0.516129]","[0.0001,0.58441556,0.4935065,0.5194805,0.38961038,0.36363637,0.25974026,0.53246754]"
7,"[0.0001,0.4854369,0.47572815,0.4854369,0.5339806,0.4854369,0.5048544,0.5048544]","[0.0001,0.5212766,0.5106383,0.4787234,0.68085104,0.5106383,0.4893617,0.5212766]"
7,"[0.0001,0.53571427,0.49107143,0.48214287,0.51785713,0.52678573,0.5,0.4732143]","[0.0001,0.5368421,0.67368424,0.5263158,0.49473685,0.51578945,0.51578945,0.50526315]"
7,"[0.0001,0.0001,0.0001,0.0001,0.0001,0.5,1.0,0.0001]","[0.0001,0.5045872,0.48623854,0.559633,0.49541286,0.5045872,0.56880736,0.43119267]"
7,"[0.0001,0.0001,0.0001,0.0001,1.0,0.0001,0.0001,0.0001]","[0.0001,0.33962265,0.43396226,0.509434,0.7735849,0.16981132,0.43396226,0.5660377]"
7,"[0.0001,0.0001,0.0001,1.0,0.5,0.6666667,0.6666667,0.0001]","[0.0001,0.546875,0.46875,0.53125,0.484375,0.5,0.953125,0.453125]"
7,"[0.0001,0.0001,0.5,0.0001,0.5,1.0,0.0001,0.0001]","[0.0001,0.2972973,0.4864865,0.2972973,0.5405405,0.8108108,0.2972973,0.2972973]"
7,"[0.0001,0.5,1.0,0.0001,0.5,0.0001,0.0001,1.0]","[0.0001,0.5,0.53333336,0.475,0.5,0.5083333,0.5,0.525]"
7,"[0.0001,0.5,0.6666667,0.5,0.0001,0.0001,0.6666667,0.33333334]","[0.0001,0.5041322,0.5289256,0.5041322,0.4876033,0.47107437,0.5123967,0.47107437]"
7,"[0.0001,0.5,0.0001,0.0001,0.0001,0.5,0.5,0.0001]","[0.0001,0.49438202,0.30337077,0.41573033,0.43820226,0.47191012,0.505618,0.4494382]"
7,"[0.0001,0.5042017,0.5126051,0.48739496,0.5042017,0.48739496,0.5042017,0.49579832]","[0.0001,0.5277778,0.5277778,0.8888889,0.4722222,0.5,0.5138889,0.5138889]"
7,"[0.0001,0.0001,0.0001,0.0001,0.0001,0.0001,0.0001,0.5]","[0.0001,0.33333334,0.125,0.29166666,0.16666667,0.20833333,0.25,0.5416667]"
7,"[0.0001,0.21428572,0.14285715,1.0,0.5,0.2857143,0.21428572,0.14285715]","[0.0001,0.3846154,0.3653846,0.8269231,0.5769231,0.26923078,0.3653846,0.42307693]"
7,"[0.0001,0.0001,0.0001,0.5,0.0001,0.5,0.5,0.0001]","[0.0001,0.4347826,0.3768116,0.5507246,0.2753623,0.44927537,0.5072464,0.36231884]"
7,"[0.0001,0.5135135,0.5045045,0.4774775,0.4954955,0.4954955,0.4954955,0.5135135]","[0.0001,0.5,0.5,0.5,0.9411765,0.5,0.47058824,0.4852941]"
8,"[0.5,0.0001,0.5,0.0001,0.5,0.5,0.0001,0.0001]","[0.5243902,0.24390244,0.5365854,0.40243903,0.75609756,0.5121951,0.18292683,0.30487806]"
8,"[0.52380955,0.50793654,0.4920635,0.52380955,0.0952381,0.46031746,0.41269842,0.11111111]","[0.5019608,0.5019608,0.5019608,0.5019608,0.49803922,0.5019608,0.49803922,0.5019608]"
8,"[0.5072464,0.4830918,0.49758455,0.47826087,0.49275362,0.47342995,0.5024155,0.4830918]","[0.78527606,0.5153374,0.4969325,0.5092025,0.5030675,0.4969325,0.5276074,0.4969325]"
8,"[0.0001,0.0001,0.33333334,0.0001,0.0001,0.0001,0.0001,0.6666667]","[0.98888886,0.46666667,0.44444445,0.34444445,0.46666667,0.44444445,0.3888889,0.5222222]"
8,"[0.0001,0.0001,0.0001,0.5714286,0.5714286,0.0001,0.5714286,0.5714286]","[0.4245283,0.46226415,0.46226415,0.5283019,0.9811321,0.43396226,0.5754717,0.509434]"
8,"[1.0,0.516129,0.48387095,0.0001,0.48387095,0.48387095,0.48387095,0.0001]","[0.5081967,0.4918033,0.5081967,0.4795082,0.5,0.5081967,0.4795082,0.4795082]"
8,"[0.95049506,0.42574257,0.36633664,0.42574257,0.5049505,0.47524753,0.46534654,0.4950495]","[0.52459013,0.48360655,0.48360655,0.52459013,0.49590164,0.51229507,0.51229507,0.50409836]"
8,"[0.51741296,0.5074627,0.51741296,0.5124378,0.49751243,0.5124378,0.5124378,0.49253732]","[0.5,0.5,0.5,0.49264705,0.9411765,0.50735295,0.49264705,0.4852941]"
8,"[0.0001,1.0,0.0001,0.0001,0.0001,0.0001,0.5,0.0001]","[0.2962963,0.8518519,0.3148148,0.33333334,0.42592594,0.33333334,0.5,0.22222222]"
8,"[0.0001,0.0001,0.5,0.0001,1.0,0.5,0.0001,0.5]","[0.41836736,0.37244898,0.5102041,0.50510204,0.57653064,0.4489796,0.49489796,0.48979592]"
8,"[0.52261305,0.5125628,0.4874372,0.50753766,0.50753766,0.4874372,0.53266335,0.50753766]","[0.4968153,0.50955415,0.49044585,0.50955415,0.50318474,0.4968153,0.81528664,0.50955415]"
8,"[0.5555556,0.0001,0.5555556,0.0001,0.0001,0.5555556,0.44444445,0.0001]","[0.5330396,0.50220263,0.5110132,0.4537445,0.4493392,0.52863437,0.47136563,0.50220263]"
8,"[0.46938777,0.53061223,0.5102041,0.0001,0.53061223,0.48979592,0.53061223,1.0]","[0.49803922,0.5019608,0.49803922,0.49803922,0.5019608,0.49803922,0.49803922,0.5019608]"
8,"[0.45918366,0.79591835,0.47959185,0.63265306,0.63265306,0.29591838,0.45918366,0.5408163]","[0.504,0.508,0.504,0.508,0.504,0.508,0.496,0.508]"
8,"[1.0,0.0001,1.0,1.0,0.0001,0.0001,0.5,0.5]","[0.511811,0.42519686,0.6535433,0.6456693,0.47244096,0.22834645,0.56692916,0.48818898]"
8,"[0.5,0.6785714,0.96428573,0.60714287,0.53571427,0.4642857,1.0,0.35714287]","[0.50222224,0.49333334,0.52444446,0.5555556,0.51555556,0.52,0.5288889,0.46666667]"
8,"[0.51578945,0.5,0.52105266,0.5,0.48421052,0.51578945,0.50526315,0.48947367]","[0.48920864,0.50359714,0.50359714,0.51079136,0.50359714,0.4964029,0.4964029,0.92086333]"
8,"[0.0001,0.0001,0.5,0.5,0.5,0.5,1.0,0.0001]","[0.26666668,0.21666667,0.53333336,0.6166667,0.48333332,0.6,0.85,0.25]"
8,"[0.5,0.48557693,0.52403843,0.5192308,0.5048077,0.50961536,0.5048077,0.5]","[0.47368422,0.48026314,0.5,0.5065789,0.84210527,0.48026314,0.5065789,0.5131579]"
8,"[0.48,0.4,0.52,0.52,0.0001,0.64,1.0,0.0001]","[0.5086705,0.42196533,0.54913294,0.58381504,0.50289017,0.60115606,0.5260116,0.5433526]"
8,"[0.5833333,0.0001,0.625,0.41666666,0.625,0.0001,0.41666666,0.5416667]","[0.5177665,0.43654823,0.5989848,0.46192893,0.57360405,0.43654823,0.5025381,0.5076142]"
8,"[0.5,0.5,0.0001,0.5,0.5,1.0,0.0001,0.5]","[0.48704663,0.5233161,0.47668394,0.39896372,0.4974093,0.58549225,0.4818653,0.5181347]"
4,"[0.0001,0.0001,0.0001,0.0001,0.0001,0.33333334,0.6666667,0.5]","[0.0001,0.0001,0.0001,0.0001,0.6,0.8,0.5,0.6]"
4,"[0.0001,0.0001,0.0001,0.0001,0.0001,0.0001,0.0001,0.5]","[0.0001,0.0001,0.0001,0.0001,0.44444445,0.7777778,0.33333334,0.33333334]"
5,"[0.0001,0.0001,0.0001,0.5,0.0001,0.0001,0.5,0.0001]","[0.0001,0.0001,0.0001,0.5,0.42857143,0.42857143,0.5,0.42857143]"
6,"[0.0001,0.0001,0.5,0.0001,0.5,0.0001,0.0001,0.0001]","[0.0001,0.0001,0.55,0.15,0.55,0.25,0.25,0.25]"
6,"[0.0001,0.0001,0.0001,0.0001,0.5,0.5,0.0001,0.5]","[0.0001,0.0001,0.46666667,0.31111112,0.53333336,0.53333336,0.4,0.5555556]"
6,"[0.0001,0.0001,0.5,0.5,0.5,0.0001,0.5,0.5]","[0.0001,0.0001,0.5,0.5277778,0.5,0.8888889,0.4722222,0.5277778]"
7,"[0.0001,0.51304346,0.51304346,0.5304348,0.5217391,0.5043478,0.51304346,0.4869565]","[0.0001,0.5125,0.5125,0.8,0.5,0.4625,0.475,0.525]"
8,"[0.4921875,0.1484375,0.4921875,0.5078125,0.4921875,0.5234375,0.6171875,0.59375]","[0.5,0.47540984,0.5081967,0.49590164,0.50409836,0.5081967,0.51229507,0.5204918]"
8,"[0.5294118,0.50980395,0.50980395,0.29411766,0.5294118,0.49673203,0.503268,0.52287585]","[0.47826087,0.5,0.5,0.49275362,0.51449275,0.5072464,0.92753625,0.5217391]"
8,"[0.495,0.52,0.495,0.475,0.515,0.5,0.54,0.47]","[0.50714284,0.9142857,0.49285713,0.50714284,0.50714284,0.5214286,0.4857143,0.51428574]"
8,"[0.49532712,0.49532712,0.5,0.49532712,0.5046729,0.5046729,0.47196263,0.48598132]","[0.5019608,0.5019608,0.5019608,0.5019608,0.5019608,0.5019608,0.49803922,0.5019608]"
4,"[0.0001,0.0001,0.0001,0.0001,0.5,0.5,0.5,0.5]","[0.0001,0.0001,0.0001,0.0001,0.8,0.5,0.6,0.5]"
4,"[0.0001,0.0001,0.0001,0.0001,0.5,0.5,0.5,0.5]","[0.0001,0.0001,0.0001,0.0001,0.53846157,0.61538464,0.53846157,0.53846157]"
4,"[0.0001,0.0001,0.0001,0.0001,0.53333336,0.53333336,0.53333336,0.46666667]","[0.0001,0.0001,0.0001,0.0001,0.54545456,0.6363636,0.45454547,0.72727275]"
4,"[0.0001,0.0001,0.0001,0.0001,1.0,0.5,0.5,0.0001]","[0.0001,0.0001,0.0001,0.0001,0.5714286,0.5,0.5,0.42857143]"
5,"[0.0001,0.0001,0.0001,0.5,0.5,0.5,0.5,0.5]","[0.0001,0.0001,0.0001,0.61538464,0.5,0.53846157,0.53846157,0.5]"
6,"[0.0001,0.0001,0.0001,0.5,0.0001,0.5,0.5,0.0001]","[0.0001,0.0001,0.8648649,0.45945945,0.5405405,0.5405405,0.5405405,0.43243244]"
6,"[0.0001,0.0001,0.5,0.85,0.45,0.2,0.45,0.55]","[0.0001,0.0001,0.4915254,0.5254237,0.5254237,0.45762712,0.5084746,0.4915254]"
6,"[0.0001,0.0001,0.5084746,0.5254237,0.4915254,0.5084746,0.4915254,0.5084746]","[0.0001,0.0001,0.47058824,0.627451,0.49019608,0.49019608,0.49019608,0.49019608]"
7,"[0.0001,0.0001,0.5,0.0001,1.0,0.0001,0.0001,1.0]","[0.0001,0.460177,0.5132743,0.43362832,0.5221239,0.50442475,0.48672566,0.539823]"
8,"[0.5625,0.421875,1.0,0.390625,0.8125,0.484375,0.609375,0.46875]","[0.5019608,0.5019608,0.5019608,0.5019608,0.5019608,0.5019608,0.5019608,0.5019608]"
8,"[0.0001,1.0,1.0,0.0001,0.5,0.0001,0.5,0.5]","[0.275,0.775,0.925,0.175,0.55,0.3,0.325,0.575]"
8,"[0.5159575,0.63829786,0.47340426,0.5106383,0.53723407,0.48404256,0.38297874,0.5106383]","[0.49624062,0.5112782,0.96240604,0.49624062,0.49624062,0.49624062,0.48872182,0.49624062]"
5,"[0.0001,0.0001,0.0001,0.5,0.5,0.5,0.0001,0.0001]","[0.0001,0.0001,0.0001,0.4375,0.5,0.9375,0.5,0.4375]"
5,"[0.0001,0.0001,0.0001,0.5,0.5,0.46666667,0.5,0.53333336]","[0.0001,0.0001,0.0001,0.48,0.52,0.64,0.52,0.52]"
6,"[0.0001,0.0001,0.5535714,0.5,0.44642857,0.48214287,0.5,0.48214287]","[0.0001,0.0001,0.49056605,0.5471698,0.6037736,0.4716981,0.509434,0.5283019]"
6,"[0.0001,0.0001,0.50793654,0.50793654,0.4920635,0.4920635,0.4920635,0.4920635]","[0.0001,0.0001,0.525,0.575,0.5,0.475,0.8,0.5]"
6,"[0.0001,0.0001,0.47457626,0.5254237,0.5254237,0.5254237,0.5084746,0.5084746]","[0.0001,0.0001,0.5365854,0.5609756,0.5121951,0.5365854,0.7804878,0.5121951]"
6,"[0.0001,0.0001,0.516129,0.48387095,0.516129,0.5,0.5,0.48387095]","[0.0001,0.0001,0.5263158,0.47368422,0.84210527,0.5263158,0.5,0.5]"
6,"[0.0001,0.0001,0.5,0.4,0.0001,0.8,0.4,0.5]","[0.0001,0.0001,0.50793654,0.50793654,0.4920635,0.50793654,0.4920635,0.50793654]"
8,"[0.5,0.0001,0.0001,0.0001,0.0001,0.0001,0.0001,0.0001]","[0.8787879,0.21212122,0.21212122,0.21212122,0.33333334,0.21212122,0.24242425,0.42424244]"
8,"[0.44827586,0.47783253,0.5073892,0.50246304,0.51724136,0.5369458,0.50246304,0.47783253]","[0.5019608,0.5019608,0.5019608,0.5019608,0.5019608,0.49803922,0.5019608,0.5019608]"
7,"[0.0001,0.675,0.525,0.4875,0.45,0.4875,0.525,0.4]","[0.0001,0.5151515,0.4848485,0.5,0.5151515,0.969697,0.4848485,0.5]"
7,"[0.0001,0.48739496,0.48739496,0.5126051,0.49579832,0.52100843,0.49579832,0.5042017]","[0.0001,0.4945055,0.52747256,0.50549453,0.5494506,0.7032967,0.50549453,0.4945055]"
7,"[0.0001,0.0001,0.45454547,0.0001,0.72727275,0.45454547,0.0001,0.36363637]","[0.0001,0.4920635,0.50793654,0.4920635,0.50793654,0.4920635,0.5,0.50793654]"
7,"[0.0001,0.5,0.49137932,0.4827586,0.5,0.49137932,0.5086207,0.49137932]","[0.0001,0.5104167,0.46875,0.5104167,0.6666667,0.5208333,0.46875,0.5]"
7,"[0.0001,0.5,0.0001,0.5,0.4,1.0,0.75,0.6]","[0.0001,0.4915254,0.4661017,0.5084746,0.5,0.5423729,0.5338983,0.4915254]"
7,"[0.0001,0.51785713,0.5,0.52678573,0.48214287,0.49107143,0.5089286,0.49107143]","[0.0001,0.67368424,0.4631579,0.51578945,0.48421052,0.5473684,0.5368421,0.47368422]"
7,"[0.0001,0.33333334,0.0001,0.61904764,0.47619048,0.6666667,0.42857143,1.0]","[0.0001,0.496,0.488,0.512,0.496,0.512,0.504,0.512]"
7,"[0.0001,0.5185185,0.0001,0.5925926,0.4814815,0.0001,0.4074074,0.4814815]","[0.0001,0.5,0.48387095,0.5080645,0.5080645,0.516129,0.48387095,0.48387095]"
7,"[0.0001,0.30136988,0.56164384,0.49315068,0.47945204,0.53424656,0.47945204,0.49315068]","[0.0001,0.47945204,0.5068493,0.5068493,0.49315068,0.53424656,0.8767123,0.5068493]"
7,"[0.0001,0.48623854,0.4678899,0.5045872,0.5229358,0.51376146,0.48623854,0.49541286]","[0.0001,0.52272725,0.72727275,0.5113636,0.45454547,0.47727272,0.5113636,0.5]"
7,"[0.0001,0.33333334,0.5,0.0001,0.5833333,0.0001,0.5833333,0.5833333]","[0.0001,0.4920635,0.4920635,0.4920635,0.50793654,0.50793654,0.5,0.50793654]"
7,"[0.0001,0.49074075,0.4814815,0.46296296,0.49074075,0.5092593,0.4814815,0.46296296]","[0.0001,0.5119048,0.47619048,0.48809522,0.5119048,0.5,0.7619048,0.48809522]"
7,"[0.0001,0.4642857,0.53571427,0.0001,0.53571427,0.42857143,0.53571427,0.53571427]","[0.0001,0.50476193,0.4952381,0.3904762,0.4952381,0.47619048,0.51428574,0.50476193]"
7,"[0.0001,0.5,0.5,0.53333336,0.46666667,0.0001,0.0001,0.53333336]","[0.0001,0.58441556,0.4935065,0.5194805,0.38961038,0.36363637,0.25974026,0.53246754]"
7,"[0.0001,0.5229358,0.49541286,0.48623854,0.5045872,0.48623854,0.49541286,0.5321101]","[0.0001,0.5212766,0.5106383,0.4787234,0.68085104,0.5106383,0.4893617,0.5212766]"
7,"[0.0001,0.5225225,0.5045045,0.4864865,0.5495495,0.5315315,0.4954955,0.45945945]","[0.0001,0.5368421,0.67368424,0.5263158,0.49473685,0.51578945,0.51578945,0.50526315]"
7,"[0.0001,0.5206612,0.5206612,0.5041322,0.5123967,0.5041322,0.5123967,0.49586776]","[0.0001,0.5277778,0.5277778,0.8888889,0.4722222,0.5,0.5138889,0.5138889]"
7,"[0.0001,0.23529412,0.11764706,1.0,0.47058824,0.3529412,0.29411766,0.1764706]","[0.0001,0.3846154,0.3653846,0.8269231,0.5769231,0.26923078,0.3653846,0.42307693]"
7,"[0.0001,0.47826087,0.49565217,0.49565217,0.51304346,0.47826087,0.4869565,0.5304348]","[0.0001,0.5,0.5,0.5,0.9411765,0.5,0.47058824,0.4852941]"
4,"[0.0001,0.0001,0.0001,0.0001,0.4,0.4,0.6,0.8]","[0.0001,0.0001,0.0001,0.0001,0.53333336,0.53333336,0.53333336,0.53333336]"
4,"[0.0001,0.0001,0.0001,0.0001,0.33333334,0.33333334,0.0001,0.5]","[0.0001,0.0001,0.0001,0.0001,0.41666666,0.6666667,0.5,0.5]"
4,"[0.0001,0.0001,0.0001,0.0001,0.0001,0.0001,1.0,0.0001]","[0.0001,0.0001,0.0001,0.0001,0.46153846,0.53846157,0.61538464,0.3846154]"
4,"[0.0001,0.0001,0.0001,0.0001,0.5,0.0001,0.5,0.5]","[0.0001,0.0001,0.0001,0.0001,0.5555556,0.8888889,0.5555556,0.44444445]"
4,"[0.0001,0.0001,0.0001,0.0001,0.0001,0.33333334,0.0001,0.33333334]","[0.0001,0.0001,0.0001,0.0001,0.46153846,0.3846154,0.46153846,0.3846154]"
4,"[0.0001,0.0001,0.0001,0.0001,0.5,0.0001,0.0001,0.0001]","[0.0001,0.0001,0.0001,0.0001,0.4,0.8,0.5,0.4]"
4,"[0.0001,0.0001,0.0001,0.0001,0.0001,0.0001,0.6666667,0.33333334]","[0.0001,0.0001,0.0001,0.0001,0.46666667,0.46666667,0.53333336,0.46666667]"
4,"[0.0001,0.0001,0.0001,0.0001,1.0,1.0,0.5,0.5]","[0.0001,0.0001,0.0001,0.0001,0.53846157,0.61538464,0.61538464,0.53846157]"
4,"[0.0001,0.0001,0.0001,0.0001,0.5,0.0001,0.5,0.0001]","[0.0001,0.0001,0.0001,0.0001,0.46666667,0.46666667,0.46666667,0.46666667]"
4,"[0.0001,0.0001,0.0001,0.0001,1.0,0.0001,0.5,0.5]","[0.0001,0.0001,0.0001,0.0001,0.71428573,0.85714287,0.5714286,0.71428573]"
4,"[0.0001,0.0001,0.0001,0.0001,0.0001,1.0,0.0001,0.0001]","[0.0001,0.0001,0.0001,0.0001,0.46666667,0.53333336,0.53333336,0.46666667]"
4,"[0.0001,0.0001,0.0001,0.0001,0.6363636,0.54545456,0.54545456,0.72727275]","[0.0001,0.0001,0.0001,0.0001,0.45454547,0.72727275,0.54545456,0.6363636]"
4,"[0.0001,0.0001,0.0001,0.0001,0.0001,1.0,0.0001,0.0001]","[0.0001,0.0001,0.0001,0.0001,0.42857143,0.5714286,0.42857143,0.5]"
6,"[0.0001,0.0001,0.5,0.0001,0.0001,0.5,0.0001,0.5]","[0.0001,0.0001,0.5116279,0.25581396,0.39534885,0.5116279,0.41860464,0.4883721]"
6,"[0.0001,0.0001,0.5,0.5,0.5,1.0,0.5,0.0001]","[0.0001,0.0001,0.4915254,0.5084746,0.47457626,0.5423729,0.5254237,0.45762712]"
6,"[0.0001,0.0001,0.5,0.0001,0.0001,0.0001,0.5,0.5]","[0.0001,0.0001,0.47826087,0.41304347,0.41304347,0.39130434,0.5217391,0.47826087]"
6,"[0.0001,0.0001,0.5,0.0001,1.0,0.5,0.5,0.5]","[0.0001,0.0001,0.53333336,0.5,0.53333336,0.51666665,0.46666667,0.48333332]"
6,"[0.0001,0.0001,0.0001,1.0,1.0,0.0001,0.0001,0.0001]","[0.0001,0.0001,0.35714287,0.71428573,0.71428573,1.0,0.35714287,0.21428572]"
6,"[0.0001,0.0001,1.0,1.0,0.5,0.0001,0.0001,0.0001]","[0.0001,0.0001,0.6666667,0.6666667,0.43333334,0.3,0.3,0.4]"
6,"[0.0001,0.0001,0.25,0.5277778,0.5277778,0.33333334,0.4722222,0.4722222]","[0.0001,0.0001,0.47368422,0.5263158,0.50877196,0.4385965,0.45614034,0.49122807]"
6,"[0.0001,0.0001,0.77272725,0.045454547,0.6363636,0.54545456,0.5,0.45454547]","[0.0001,0.0001,0.50793654,0.4920635,0.50793654,0.4920635,0.4920635,0.50793654]"
6,"[0.0001,0.0001,1.0,0.0001,0.5,0.5,0.0001,0.0001]","[0.0001,0.0001,0.7631579,0.36842105,0.47368422,0.5263158,0.39473686,0.4473684]"
6,"[0.0001,0.0001,0.0001,0.5,0.0001,0.0001,0.0001,1.0]","[0.0001,0.0001,0.35,0.6,0.25,0.25,0.45,0.9]"
6,"[0.0001,0.0001,0.2,1.0,0.0001,0.6,0.5,0.6]","[0.0001,0.0001,0.2777778,0.6666667,0.3611111,0.6388889,0.5277778,0.5833333]"
6,"[0.0001,0.0001,0.5,0.0001,0.0001,0.0001,0.0001,0.5]","[0.0001,0.0001,0.5116279,0.4651163,0.30232558,0.39534885,0.41860464,0.4883721]"
6,"[0.0001,0.0001,0.5,0.0001,0.5,0.0001,0.5,0.0001]","[0.0001,0.0001,0.5,0.3,0.46666667,0.33333334,0.53333336,0.33333334]"
6,"[0.0001,0.0001,1.0,0.0001,0.5,0.5,0.5,0.5]","[0.0001,0.0001,0.7419355,0.22580644,0.58064514,0.61290324,0.48387095,0.58064514]"
6,"[0.0001,0.0001,0.5,0.0001,1.0,0.5,0.0001,0.5]","[0.0001,0.0001,0.5483871,0.38709676,0.7741935,0.32258064,0.3548387,0.48387095]"
6,"[0.0001,0.0001,0.0001,0.5833333,0.5833333,0.5833333,0.5833333,0.5833333]","[0.0001,0.0001,0.46551725,0.5344828,0.4827586,0.5344828,0.51724136,0.55172414]"
6,"[0.0001,0.0001,0.0001,0.0001,0.0001,0.5,0.0001,0.5]","[0.0001,0.0001,0.4915254,0.47457626,0.45762712,0.4915254,0.47457626,0.4915254]"
6,"[0.0001,0.0001,0.0001,0.0001,0.0001,0.5,0.0001,0.5]","[0.0001,0.0001,0.33333334,0.5277778,0.2777778,0.5,0.44444445,0.6111111]"
6,"[0.0001,0.0001,0.0001,0.0001,1.0,0.0001,0.0001,0.0001]","[0.0001,0.0001,0.35,0.15,0.9,0.45,0.4,0.5]"
6,"[0.0001,0.0001,0.46153846,0.25641027,0.53846157,0.35897437,0.5897436,0.51282054]","[0.0001,0.0001,0.45454547,0.45454547,0.54545456,0.45454547,0.58181816,0.5090909]"
8,"[0.0001,0.5714286,0.5714286,0.71428573,0.71428573,0.42857143,0.0001,0.71428573]","[0.44329897,0.5412371,0.5515464,0.556701,0.53608245,0.49484536,0.46907216,0.5618557]"
8,"[0.46666667,0.2888889,0.4888889,0.44444445,0.51111114,0.4,0.0001,0.0001]","[0.4710145,0.42753622,0.49275362,0.47826087,0.47826087,0.28985506,0.36231884,0.3115942]"
8,"[0.0001,0.0001,0.0001,1.0,0.0001,0.0001,0.5,0.0001]","[0.19607843,0.23529412,0.21568628,0.8039216,0.43137255,0.29411766,0.47058824,0.3137255]"
8,"[0.50731707,0.5365854,0.502439,0.58536583,0.41951218,0.50731707,0.4878049,0.52682924]","[0.503937,0.5,0.5,0.503937,0.496063,0.503937,0.5,0.5]"
8,"[0.0001,0.0001,0.6097561,0.58536583,0.2682927,0.5365854,0.4390244,0.5121951]","[0.49407116,0.49407116,0.49407116,0.5019763,0.5019763,0.5059289,0.49407116,0.5019763]"
8,"[0.3529412,0.43529412,0.5294118,0.65882355,0.49411765,0.44705883,0.5294118,0.30588236]","[0.5,0.49596775,0.516129,0.516129,0.49596775,0.50403225,0.49596775,0.50403225]"
8,"[0.0001,0.0001,0.42857143,0.0001,0.5,0.0001,0.42857143,0.5714286]","[0.26495728,0.36752138,0.43589744,0.4957265,0.45299146,0.37606838,0.2820513,0.5726496]"
8,"[0.5,0.5,0.5,0.5,0.5,1.0,0.0001,1.0]","[0.48387095,0.50537634,0.52150536,0.4623656,0.5268817,0.6182796,0.38172042,0.58064514]"
8,"[0.15517241,0.4827586,0.55172414,0.5,0.67241377,1.0,0.39655173,0.62068963]","[0.48547718,0.5020747,0.5020747,0.5103735,0.5228216,0.526971,0.48962656,0.5103735]"
8,"[0.57894737,0.0001,0.21052632,0.5,0.57894737,0.5263158,0.0001,0.47368422]","[0.5099602,0.49402392,0.49800798,0.49800798,0.5059761,0.49800798,0.49003986,0.49402392]"
8,"[0.5,1.0,0.5,0.5,0.6666667,0.33333334,1.0,0.0001]","[0.5566038,0.5896226,0.495283,0.495283,0.509434,0.46698114,0.5613208,0.45754716]"
8,"[0.0001,0.5,0.5147059,0.45588234,0.11764706,0.5,0.44117647,0.5441176]","[0.49803922,0.49803922,0.5019608,0.49803922,0.49803922,0.49803922,0.49803922,0.5019608]"
8,"[1.0,1.0,0.0001,0.5,0.5,0.0001,0.5,0.5]","[0.78504676,0.7009346,0.40186915,0.57009345,0.49532712,0.3364486,0.5046729,0.5981308]"
8,"[0.53333336,0.0001,0.0001,0.53333336,0.0001,0.53333336,0.53333336,1.0]","[0.5065789,0.36842105,0.40789473,0.55921054,0.41447368,0.57236844,0.56578946,0.6513158]"
8,"[0.0001,0.0001,0.5,0.0001,0.5,0.0001,0.5,0.0001]","[0.21052632,0.2236842,0.4473684,0.28947368,0.6315789,0.40789473,0.5394737,0.2631579]"
8,"[0.4680851,0.31914893,0.5106383,0.0001,0.5531915,0.5744681,0.5106383,1.0]","[0.503876,0.29457363,0.53488374,0.30232558,0.56589144,0.49612403,0.503876,0.751938]"
8,"[0.0001,0.5,0.33333334,0.33333334,0.6666667,0.0001,0.0001,0.0001]","[0.46086955,0.49565217,0.4826087,0.4869565,0.5,0.49565217,0.5,0.4695652]"
8,"[0.5,0.0001,0.5,1.0,0.0001,0.5,1.0,0.0001]","[0.5119048,0.33333334,0.52380955,0.6547619,0.33333334,0.52380955,0.8452381,0.2857143]"
8,"[0.33333334,0.0001,0.5,0.0001,0.5,0.6666667,0.5,0.5]","[0.40397352,0.45033112,0.5033113,0.37748346,0.49668875,0.5629139,0.66225165,0.49668875]"
8,"[0.5,0.0001,0.5,0.33333334,0.45833334,0.0001,0.5416667,1.0]","[0.51968503,0.37007874,0.48031497,0.2913386,0.52755904,0.38582677,0.48818898,0.70866144]"
8,"[0.5106383,0.4893617,0.0001,0.65957445,0.34042552,0.0001,0.5106383,0.5106383]","[0.50403225,0.4919355,0.4919355,0.48790324,0.51209676,0.48387095,0.4919355,0.5080645]"
8,"[0.52272725,0.29545453,0.20454545,0.70454544,0.4318182,0.79545456,0.52272725,0.0001]","[0.5080645,0.48790324,0.48387095,0.50403225,0.48790324,0.5080645,0.5,0.4919355]"
8,"[1.0,0.5,1.0,0.5,1.0,0.5,0.0001,0.0001]","[0.6621622,0.4864865,0.6283784,0.5067568,0.6216216,0.5202703,0.36486486,0.5135135]"
8,"[0.42857143,0.42857143,0.5714286,0.0001,0.0001,1.0,0.0001,0.5714286]","[0.4520548,0.3561644,0.5753425,0.2739726,0.20547946,0.7123288,0.26027396,0.6849315]"
8,"[0.0001,0.0001,0.0001,1.0,0.5,0.5,0.5,0.0001]","[0.49275362,0.23188406,0.95652175,0.6376812,0.47826087,0.39130434,0.5362319,0.2753623]"
8,"[0.0001,0.0001,0.5,0.0001,0.0001,1.0,0.0001,0.0001]","[0.32352942,0.2647059,0.5294118,0.25,0.2647059,0.7352941,0.27941176,0.3382353]"
8,"[0.5,0.5,0.5,0.0001,0.5,0.5,0.0001,0.0001]","[0.53521127,0.52112675,0.5070422,0.4225352,0.5023474,0.53051645,0.46948355,0.41784036]"
8,"[1.0,0.0001,0.5,0.0001,0.0001,1.0,0.5,0.0001]","[0.5060241,0.502008,0.502008,0.48995984,0.48594376,0.5140562,0.5060241,0.4939759]"
8,"[0.0001,0.5,0.5,0.0001,0.0001,1.0,0.5,0.0001]","[0.22857143,0.44285715,0.37142858,0.3,0.2,0.85714287,0.4857143,0.4]"
8,"[0.0001,0.6666667,0.0001,0.0001,0.0001,0.0001,0.33333334,0.0001]","[0.39240506,0.5759494,0.443038,0.43037975,0.37341774,0.47468355,0.44936708,0.5]"
8,"[0.0001,0.0001,0.0001,0.0001,0.0001,0.5,0.5,0.0001]","[0.36363637,0.29090908,0.21818182,0.25454545,0.3272727,0.5090909,0.54545456,0.2]"
8,"[0.0001,0.8,0.0001,0.0001,0.0001,0.0001,0.6,0.4]","[0.34177214,0.7721519,0.34177214,0.32911393,0.37974682,0.18987341,0.443038,0.48101267]"
8,"[0.4814815,0.537037,0.5,0.5185185,0.0001,0.5925926,0.0001,0.4814815]","[0.47058824,0.5058824,0.5411765,0.47058824,0.4,0.5176471,0.31176472,0.4882353]"
8,"[0.53333336,0.56666666,0.28333333,0.51666665,0.6,0.56666666,0.26666668,0.0001]","[0.49802372,0.5019763,0.49802372,0.5019763,0.5059289,0.49802372,0.5019763,0.49802372]"
8,"[0.5,1.0,0.6666667,0.0001,0.5,1.0,0.33333334,0.5]","[0.52747256,0.7692308,0.5934066,0.20879121,0.35164836,0.6923077,0.35164836,0.4945055]"
8,"[0.49579832,0.5042017,0.52100843,0.49579832,0.6134454,0.52100843,0.45378152,0.56302524]","[0.9411765,0.50735295,0.50735295,0.49264705,0.49264705,0.5147059,0.5147059,0.5147059]"
8,"[0.3902439,0.5487805,0.34146342,0.5243902,0.5487805,0.6097561,0.3292683,0.5121951]","[0.5,0.503937,0.5,0.496063,0.5,0.5,0.5,0.496063]"
8,"[0.0001,1.0,0.0001,0.53846157,0.61538464,0.46153846,0.0001,0.3846154]","[0.46666667,0.5692308,0.46666667,0.4974359,0.4974359,0.47692308,0.43589744,0.45641026]"
4,"[0.0001,0.0001,0.0001,0.0001,0.5,0.5,0.5,0.0001]","[0.0001,0.0001,0.0001,0.0001,0.5,0.8,0.5,0.4]"
4,"[0.0001,0.0001,0.0001,0.0001,0.0001,0.0001,0.0001,0.5]","[0.0001,0.0001,0.0001,0.0001,0.5,0.75,0.25,0.25]"
4,"[0.0001,0.0001,0.0001,0.0001,0.5,0.5,0.5,0.5]","[0.0001,0.0001,0.0001,0.0001,0.5,0.5714286,0.5,0.5]"
4,"[0.0001,0.0001,0.0001,0.0001,0.5,0.5,0.5,0.5]","[0.0001,0.0001,0.0001,0.0001,0.5,0.8,0.4,0.4]"
4,"[0.0001,0.0001,0.0001,0.0001,0.5,0.0001,0.5,0.5]","[0.0001,0.0001,0.0001,0.0001,0.5,0.33333334,0.5833333,0.5833333]"
4,"[0.0001,0.0001,0.0001,0.0001,0.0001,0.0001,0.5,0.0001]","[0.0001,0.0001,0.0001,0.0001,0.33333334,0.6666667,0.44444445,0.22222222]"
4,"[0.0001,0.0001,0.0001,0.0001,0.0001,0.0001,1.0,0.0001]","[0.0001,0.0001,0.0001,0.0001,0.46666667,0.53333336,0.53333336,0.46666667]"
4,"[0.0001,0.0001,0.0001,0.0001,0.5,0.5,1.0,0.0001]","[0.0001,0.0001,0.0001,0.0001,0.6,0.8,0.5,0.4]"
4,"[0.0001,0.0001,0.0001,0.0001,0.5,0.0001,0.0001,0.0001]","[0.0001,0.0001,0.0001,0.0001,0.5,1.0,0.5,0.5]"
4,"[0.0001,0.0001,0.0001,0.0001,0.5,0.5,0.5,0.5]","[0.0001,0.0001,0.0001,0.0001,0.53846157,0.61538464,0.46153846,0.46153846]"
4,"[0.0001,0.0001,0.0001,0.0001,1.0,0.5,0.0001,0.0001]","[0.0001,0.0001,0.0001,0.0001,0.5714286,0.5,0.42857143,0.42857143]"
4,"[0.0001,0.0001,0.0001,0.0001,0.6666667,0.6666667,0.33333334,1.0]","[0.0001,0.0001,0.0001,0.0001,0.5555556,0.7777778,0.33333334,0.6666667]"
4,"[0.0001,0.0001,0.0001,0.0001,0.5,0.0001,0.0001,0.0001]","[0.0001,0.0001,0.0001,0.0001,0.5,0.42857143,0.42857143,0.5]"
4,"[0.0001,0.0001,0.0001,0.0001,1.0,0.5,0.0001,0.0001]","[0.0001,0.0001,0.0001,0.0001,0.54545456,0.72727275,0.45454547,0.45454547]"
6,"[0.0001,0.0001,1.0,0.5,0.5,0.0001,0.0001,0.0001]","[0.0001,0.0001,0.5833333,0.5208333,0.45833334,0.41666666,0.35416666,0.45833334]"
6,"[0.0001,0.0001,0.0001,0.0001,0.5,0.0001,0.0001,0.5]","[0.0001,0.0001,0.39583334,0.5,0.5,0.39583334,0.39583334,0.5208333]"
6,"[0.0001,0.0001,0.0001,0.0001,0.5,0.5,0.0001,0.0001]","[0.0001,0.0001,0.475,0.25,0.5,0.5,0.35,0.4]"
6,"[0.0001,0.0001,0.5,0.0001,0.5,0.0001,0.0001,0.5]","[0.0001,0.0001,0.5319149,0.4680851,0.4893617,0.34042552,0.40425533,0.40425533]"
6,"[0.0001,0.0001,0.5,0.5,0.5,0.5,0.5,0.0001]","[0.0001,0.0001,0.4918033,0.4918033,0.5081967,0.4918033,0.52459013,0.47540984]"
6,"[0.0001,0.0001,0.0001,1.0,0.54545456,0.45454547,0.36363637,0.27272728]","[0.0001,0.0001,0.39215687,0.54901963,0.5882353,0.49019608,0.5294118,0.4509804]"
6,"[0.0001,0.0001,1.0,0.5,0.5,0.5,0.5,0.0001]","[0.0001,0.0001,0.50793654,0.4920635,0.50793654,0.4920635,0.50793654,0.50793654]"
6,"[0.0001,0.0001,0.5,0.5,0.5,0.5,0.0001,0.0001]","[0.0001,0.0001,0.5,0.41666666,0.5,0.8333333,0.41666666,0.3888889]"
6,"[0.0001,0.0001,0.5,0.5,1.0,0.0001,0.0001,0.0001]","[0.0001,0.0001,0.47826087,0.47826087,0.9130435,0.3478261,0.39130434,0.2173913]"
6,"[0.0001,0.0001,0.5,1.0,0.5,0.5,0.0001,0.0001]","[0.0001,0.0001,0.5,0.516129,0.5,0.516129,0.516129,0.48387095]"
6,"[0.0001,0.0001,0.5,0.0001,0.0001,0.5,0.5,0.0001]","[0.0001,0.0001,0.5882353,0.23529412,0.23529412,0.88235295,0.5294118,0.1764706]"
6,"[0.0001,0.0001,0.53333336,0.73333335,0.2,0.46666667,0.0001,0.46666667]","[0.0001,0.0001,0.5,0.5714286,0.4642857,0.48214287,0.42857143,0.48214287]"
6,"[0.0001,0.0001,0.5,0.0001,0.0001,0.5,0.0001,0.0001]","[0.0001,0.0001,0.46875,0.34375,0.21875,0.53125,0.3125,0.375]"
6,"[0.0001,0.0001,0.0001,0.0001,0.5,0.6666667,0.6666667,0.5]","[0.0001,0.0001,0.4920635,0.4920635,0.4920635,0.4920635,0.50793654,0.4920635]"
6,"[0.0001,0.0001,0.0001,0.0001,0.0001,0.0001,0.5,0.5]","[0.0001,0.0001,0.41379312,0.2413793,0.20689656,0.3448276,0.44827586,0.55172414]"
6,"[0.0001,0.0001,0.5,0.0001,0.0001,0.0001,1.0,0.0001]","[0.0001,0.0001,0.5,0.33333334,0.45238096,0.45238096,0.6904762,0.45238096]"
6,"[0.0001,0.0001,0.0001,0.0001,1.0,0.0001,0.0001,0.0001]","[0.0001,0.0001,0.4117647,0.11764706,0.7647059,0.1764706,0.4117647,0.29411766]"
6,"[0.0001,0.0001,1.0,1.0,0.5,0.5,0.5,1.0]","[0.0001,0.0001,0.53061223,0.5510204,0.46938777,0.48979592,0.3469388,0.53061223]"
6,"[0.0001,0.0001,1.0,0.52,0.44,0.4,0.56,0.36]","[0.0001,0.0001,0.58181816,0.4909091,0.5272727,0.45454547,0.4909091,0.43636364]"
6,"[0.0001,0.0001,0.5,0.5,0.5,1.0,0.5,0.5]","[0.0001,0.0001,0.50793654,0.4920635,0.50793654,0.50793654,0.4920635,0.4920635]"
6,"[0.0001,0.0001,0.8,0.5,0.4,0.8,0.0001,0.5]","[0.0001,0.0001,0.5555556,0.5,0.4814815,0.5555556,0.4074074,0.5]"
6,"[0.0001,0.0001,0.0001,0.0001,0.0001,0.5,0.5,0.0001]","[0.0001,0.0001,0.42857143,0.37142858,0.51428574,0.37142858,0.54285717,0.25714287]"
6,"[0.0001,0.0001,0.5,0.5,0.0001,0.5,1.0,0.0001]","[0.0001,0.0001,0.375,0.33333334,0.45833334,0.5833333,0.75,0.16666667]"
6,"[0.0001,0.0001,0.5,0.0001,0.0001,0.5,0.0001,0.0001]","[0.0001,0.0001,0.53846157,0.34615386,0.15384616,0.5,0.23076923,0.34615386]"
6,"[0.0001,0.0001,0.5,0.0001,0.0001,0.0001,0.33333334,0.33333334]","[0.0001,0.0001,0.4920635,0.4920635,0.4920635,0.4920635,0.4920635,0.4920635]"
6,"[0.0001,0.0001,1.0,0.5,0.0001,0.0001,0.5,0.5]","[0.0001,0.0001,0.85714287,0.4642857,0.4642857,0.32142857,0.42857143,0.6785714]"
6,"[0.0001,0.0001,0.0001,0.0001,0.0001,0.0001,0.5,0.5]","[0.0001,0.0001,0.36,0.42,0.5,0.46,0.52,0.52]"
6,"[0.0001,0.0001,0.5,0.5,1.0,0.5,0.5,0.0001]","[0.0001,0.0001,0.516129,0.5,0.516129,0.5,0.5,0.48387095]"
6,"[0.0001,0.0001,0.5,0.5,0.5,0.46666667,0.0001,0.53333336]","[0.0001,0.0001,0.50793654,0.50793654,0.50793654,0.4920635,0.4920635,0.50793654]"
6,"[0.0001,0.0001,1.0,0.0001,0.5,0.5,0.0001,0.5]","[0.0001,0.0001,0.5869565,0.4347826,0.47826087,0.5,0.3043478,0.5]"
6,"[0.0001,0.0001,0.0001,0.0001,0.0001,0.5,0.5,0.0001]","[0.0001,0.0001,0.2631579,0.36842105,0.47368422,0.47368422,0.5263158,0.39473686]"
6,"[0.0001,0.0001,0.5,0.5,1.0,0.0001,0.5,0.0001]","[0.0001,0.0001,0.53846157,0.5576923,0.5769231,0.46153846,0.5576923,0.42307693]"
6,"[0.0001,0.0001,0.71428573,0.5714286,0.5714286,0.0001,0.42857143,0.0001]","[0.0001,0.0001,0.5,0.516129,0.5,0.5,0.48387095,0.48387095]"
6,"[0.0001,0.0001,0.5714286,1.0,1.0,0.5714286,0.5714286,0.42857143]","[0.0001,0.0001,0.5263158,0.5614035,0.5263158,0.49122807,0.5614035,0.50877196]"
8,"[0.07619048,0.40952381,0.4857143,0.51428574,0.46666667,0.52380955,0.62857145,0.4952381]","[0.49803922,0.49803922,0.5019608,0.49803922,0.5019608,0.49803922,0.5019608,0.5019608]"
8,"[0.5,1.0,0.5,0.5,0.5,0.0001,0.0001,0.5]","[0.509009,0.5720721,0.490991,0.4864865,0.527027,0.4954955,0.42792794,0.4954955]"
8,"[0.55,0.595,0.5,0.57,0.515,0.53,0.495,0.5]","[0.5019608,0.5019608,0.5019608,0.5019608,0.49803922,0.5019608,0.5019608,0.5019608]"
8,"[0.57894737,0.5263158,0.36842105,0.5263158,0.07017544,0.5964912,0.8245614,0.5263158]","[0.47668394,0.4974093,0.45595855,0.51295334,0.41450778,0.5233161,0.59067357,0.5181347]"
8,"[0.5192308,0.40384614,0.48076922,0.53846157,0.41346154,0.45192307,0.42307693,0.5480769]","[0.5019608,0.49803922,0.5019608,0.5019608,0.5019608,0.5019608,0.5019608,0.49803922]"
8,"[0.4054054,0.4054054,1.0,0.6216216,0.6756757,0.5405405,0.6216216,0.5135135]","[0.49603173,0.5,0.50793654,0.50396824,0.49603173,0.50396824,0.4920635,0.50793654]"
8,"[0.46551725,0.51724136,0.5344828,0.19827586,0.45689654,0.4827586,0.5603448,0.49137932]","[0.5019608,0.5019608,0.49803922,0.49803922,0.49803922,0.5019608,0.5019608,0.5019608]"
8,"[0.53846157,0.46153846,0.5576923,0.47435898,0.5192308,0.5576923,0.42948717,0.46153846]","[0.5019608,0.49803922,0.49803922,0.5019608,0.5019608,0.49803922,0.49803922,0.49803922]"
8,"[0.46902654,0.43362832,0.5575221,0.49557522,0.0001,0.5221239,0.49557522,0.5221239]","[0.48101267,0.47257385,0.5316456,0.49367088,0.46835443,0.51054853,0.48945147,0.5021097]"
8,"[0.0001,0.0001,0.0001,0.0001,0.0001,0.0001,0.0001,1.0]","[0.21052632,0.05263158,0.34210527,0.42105263,0.31578946,0.5,0.39473686,0.8684211]"
8,"[0.5,0.33333334,0.5,0.0001,0.5,0.6666667,0.5,0.0001]","[0.50416666,0.49166667,0.475,0.47916666,0.4875,0.49583334,0.5,0.47083333]"
8,"[1.0,0.54545456,0.54545456,0.27272728,0.36363637,0.36363637,0.27272728,0.0001]","[0.75342464,0.56164384,0.5410959,0.4041096,0.4520548,0.49315068,0.39726028,0.4178082]"
8,"[0.49295774,0.48826292,0.47887325,0.5164319,0.5023474,0.5070422,0.4976526,0.5117371]","[0.49367088,0.48101267,0.48101267,0.8101266,0.49367088,0.49367088,0.48101267,0.51898736]"
8,"[0.0001,0.0001,0.33333334,0.6666667,0.5,0.33333334,0.0001,0.0001]","[0.19753087,0.27160493,0.34567901,0.56790125,0.32098764,0.4691358,0.2962963,0.34567901]"
8,"[0.0001,0.75609756,0.68292683,0.41463414,0.5365854,0.63414633,0.4878049,0.63414633]","[0.38797814,0.57923496,0.568306,0.5409836,0.5081967,0.57923496,0.5409836,0.568306]"
8,"[0.0001,0.0001,0.0001,0.5,0.0001,0.5,0.5,0.5]","[0.43786982,0.43786982,0.44378698,0.5502958,0.4556213,0.5088757,0.44378698,0.37278107]"
8,"[0.0001,0.5555556,0.44444445,0.44444445,0.0001,0.0001,1.0,0.5555556]","[0.2625,0.6875,0.4625,0.6875,0.325,0.3125,0.75,0.55]"
8,"[0.5084746,0.5762712,0.6779661,0.55932206,0.2881356,0.47457626,1.0,0.7966102]","[0.50660795,0.5198238,0.4889868,0.50660795,0.4801762,0.52863437,0.5506608,0.55947137]"
8,"[0.4827586,0.0001,0.0001,0.4827586,0.0001,0.44827586,0.55172414,0.4827586]","[0.47685185,0.4212963,0.46296296,0.4861111,0.4351852,0.5092593,0.5509259,0.49074075]"
8,"[0.8103448,0.5,0.37931034,0.55172414,0.25862068,0.05172414,0.46551725,0.36206895]","[0.5099602,0.49800798,0.5059761,0.49003986,0.50199205,0.49402392,0.49402392,0.50199205]"
8,"[0.5882353,0.49019608,0.0001,0.49019608,1.0,0.47058824,0.50980395,0.49019608]","[0.60264903,0.4834437,0.22516556,0.50993377,0.615894,0.50993377,0.46357617,0.51655626]"
8,"[0.53333336,0.46666667,0.46666667,0.53333336,1.0,0.53333336,0.0001,0.0001]","[0.53781515,0.44537815,0.46218488,0.6134454,0.66386557,0.48739496,0.33613446,0.3529412]"
8,"[0.44055945,0.3986014,0.5034965,0.4965035,0.28671327,0.6013986,0.48951048,0.34965035]","[0.49803922,0.5019608,0.49803922,0.49803922,0.49803922,0.5019608,0.5019608,0.49803922]"
8,"[0.36842105,0.5263158,0.2631579,0.42105263,0.65789473,0.5,1.0,0.0001]","[0.46829268,0.49756098,0.44878048,0.47804877,0.47804877,0.4878049,0.5609756,0.40487805]"
8,"[0.60833335,0.55833334,0.475,0.525,0.475,0.90833336,0.46666667,0.5416667]","[0.5203252,0.50406504,0.49186993,0.5121951,0.50406504,0.51626015,0.4878049,0.50406504]"
8,"[0.0001,0.0001,0.5,0.0001,0.5,0.0001,0.0001,0.0001]","[0.37007874,0.4015748,0.46456692,0.32283464,0.40944883,0.35433072,0.4015748,0.40944883]"
8,"[0.5764706,0.45882353,0.42352942,0.5176471,0.45882353,0.48235294,0.08235294,0.5176471]","[0.502008,0.48995984,0.4939759,0.502008,0.4939759,0.4939759,0.48995984,0.502008]"
8,"[0.504717,0.49056605,0.5188679,0.495283,0.504717,0.48584905,0.509434,0.49056605]","[0.4964539,0.5106383,0.5035461,0.9078014,0.4964539,0.5177305,0.5035461,0.5319149]"
8,"[0.375,1.0,0.45833334,0.44444445,0.41666666,0.6111111,0.4861111,0.33333334]","[0.47767857,0.5625,0.53125,0.50446427,0.4732143,0.5089286,0.5,0.4642857]"
8,"[0.0001,0.0001,0.4,0.8,0.0001,0.6,0.6,0.0001]","[0.38356164,0.19178082,0.5205479,0.6438356,0.32876712,0.5479452,0.49315068,0.20547946]"
8,"[0.0001,0.5,0.0001,1.0,0.5,0.5,0.5,0.5]","[0.46226415,0.5283019,0.41509435,0.5566038,0.49056605,0.49056605,0.49056605,0.5]"
8,"[0.49514562,0.60194176,0.5048544,0.60194176,0.47572815,0.0001,0.47572815,0.4854369]","[0.49803922,0.5019608,0.5019608,0.49803922,0.49803922,0.49803922,0.5019608,0.5019608]"
8,"[0.5,0.5,0.5,0.5,0.0001,0.5,0.0001,0.0001]","[0.49,0.49,0.35,0.42,0.27,0.48,0.21,0.37]"
8,"[0.4871795,0.4871795,0.51282054,0.5897436,0.5897436,1.0,0.0001,0.5897436]","[0.5223214,0.50446427,0.5089286,0.5089286,0.48214287,0.5714286,0.48660713,0.5089286]"
8,"[0.5,0.0001,0.0001,0.0001,0.0001,0.0001,0.5,0.0001]","[0.6617647,0.2647059,0.27941176,0.1764706,0.4117647,0.27941176,0.5,0.30882353]"
8,"[1.0,0.5,0.0001,0.5,0.0001,0.5,0.5,0.0001]","[0.6296296,0.4814815,0.47089946,0.47089946,0.41798943,0.4814815,0.5132275,0.43386245]"
8,"[0.41666666,0.41666666,1.0,1.0,1.0,0.5,0.41666666,0.5]","[0.47014925,0.43283582,0.64179105,0.6567164,0.6791045,0.53731346,0.35074627,0.48507464]"
8,"[0.42857143,1.0,0.35714287,0.5,0.52380955,0.52380955,0.6666667,0.0001]","[0.48768473,0.61576355,0.5221675,0.4827586,0.48768473,0.5123153,0.5270936,0.49753696]"
8,"[0.5619048,0.552381,0.114285715,0.51428574,0.33333334,0.5619048,0.34285715,0.51428574]","[0.5019763,0.49407116,0.49407116,0.49802372,0.5019763,0.5059289,0.49802372,0.5019763]"
8,"[0.475,0.48,0.495,0.5,0.485,0.505,0.51,0.485]","[0.5140845,0.90140843,0.49295774,0.52112675,0.52112675,0.5,0.5070422,0.5070422]"
8,"[0.0001,0.54545456,0.4090909,0.46969697,0.43939394,0.4848485,0.5,0.13636364]","[0.42105263,0.49282297,0.4784689,0.50239235,0.46411484,0.45933014,0.49282297,0.3923445]"
8,"[0.5,0.0001,0.0001,0.0001,0.0001,0.0001,0.0001,0.5]","[0.48366013,0.4509804,0.3398693,0.4640523,0.41830066,0.4640523,0.4248366,0.5424837]"
8,"[0.6,0.0001,0.0001,0.0001,0.8,0.5,1.0,0.4]","[0.62032086,0.44919786,0.44919786,0.42780748,0.5828877,0.5080214,0.54010695,0.5187166]"
8,"[0.0001,0.516129,0.516129,0.0001,0.0001,0.48387095,0.516129,0.516129]","[0.32330826,0.45864663,0.556391,0.33834586,0.39849624,0.5338346,0.5864662,0.5263158]"
8,"[0.0001,0.47619048,0.47619048,0.0001,0.5714286,0.7619048,0.3809524,1.0]","[0.46829268,0.54146343,0.50731707,0.43414634,0.5365854,0.5365854,0.5121951,0.60487807]"
8,"[0.4642857,0.5714286,0.60714287,0.5,0.5535714,0.96428573,0.5535714,0.60714287]","[0.5110132,0.52422905,0.5330396,0.5198238,0.49779737,0.5638766,0.5330396,0.5154185]"
8,"[0.5388601,0.50259066,0.53367877,0.51295334,0.48704663,0.4818653,0.47668394,0.4818653]","[0.5072464,0.48550725,0.5072464,0.49275362,0.5289855,0.5,0.92753625,0.49275362]"
